player_name,player_key,datasets,draft_year_min,draft_year_max,source_row_count,match_method,nba_person_id,nba_full_name,nba_is_active,headshot_url,local_file,download_status,http_status,content_type
Austin Daye,austin daye,historical,2009,2009,2,exact_full_name,201948.0,Austin Daye,False,https://cdn.nba.com/headshots/nba/latest/1040x760/201948.png,C:\Users\jksut\Downloads\Fun Data Testing\rsci_nlp_package_staging\nlp_draft_bias_research\outputs_llm_enhanced\headshot_cache\nba_cdn_latest_1040x760\austin_daye__201948.png,downloaded,200.0,image/png
Blake Griffin,blake griffin,historical,2009,2009,1,exact_full_name,201933.0,Blake Griffin,False,https://cdn.nba.com/headshots/nba/latest/1040x760/201933.png,C:\Users\jksut\Downloads\Fun Data Testing\rsci_nlp_package_staging\nlp_draft_bias_research\outputs_llm_enhanced\headshot_cache\nba_cdn_latest_1040x760\blake_griffin__201933.png,downloaded,200.0,image/png
Brandon Jennings,brandon jennings,historical,2009,2009,2,exact_full_name,201943.0,Brandon Jennings,False,https://cdn.nba.com/headshots/nba/latest/1040x760/201943.png,C:\Users\jksut\Downloads\Fun Data Testing\rsci_nlp_package_staging\nlp_draft_bias_research\outputs_llm_enhanced\headshot_cache\nba_cdn_latest_1040x760\brandon_jennings__201943.png,downloaded,200.0,image/png
Chase Budinger,chase budinger,historical,2009,2009,2,exact_full_name,201978.0,Chase Budinger,False,https://cdn.nba.com/headshots/nba/latest/1040x760/201978.png,C:\Users\jksut\Downloads\Fun Data Testing\rsci_nlp_package_staging\nlp_draft_bias_research\outputs_llm_enhanced\headshot_cache\nba_cdn_latest_1040x760\chase_budinger__201978.png,downloaded,200.0,image/png
DaJuan Summers,dajuan summers,historical,2009,2009,2,exact_full_name,201969.0,DaJuan Summers,False,https://cdn.nba.com/headshots/nba/latest/1040x760/201969.png,C:\Users\jksut\Downloads\Fun Data Testing\rsci_nlp_package_staging\nlp_draft_bias_research\outputs_llm_enhanced\headshot_cache\nba_cdn_latest_1040x760\dajuan_summers__201969.png,downloaded,200.0,image/png
Dante Cunningham,dante cunningham,historical,2009,2009,1,exact_full_name,201967.0,Dante Cunningham,False,https://cdn.nba.com/headshots/nba/latest/1040x760/201967.png,C:\Users\jksut\Downloads\Fun Data Testing\rsci_nlp_package_staging\nlp_draft_bias_research\outputs_llm_enhanced\headshot_cache\nba_cdn_latest_1040x760\dante_cunningham__201967.png,downloaded,200.0,image/png
Darren Collison,darren collison,historical,2009,2009,1,exact_full_name,201954.0,Darren Collison,False,https://cdn.nba.com/headshots/nba/latest/1040x760/201954.png,C:\Users\jksut\Downloads\Fun Data Testing\rsci_nlp_package_staging\nlp_draft_bias_research\outputs_llm_enhanced\headshot_cache\nba_cdn_latest_1040x760\darren_collison__201954.png,downloaded,200.0,image/png
DeJuan Blair,dejuan blair,historical,2009,2009,2,exact_full_name,201971.0,DeJuan Blair,False,https://cdn.nba.com/headshots/nba/latest/1040x760/201971.png,C:\Users\jksut\Downloads\Fun Data Testing\rsci_nlp_package_staging\nlp_draft_bias_research\outputs_llm_enhanced\headshot_cache\nba_cdn_latest_1040x760\dejuan_blair__201971.png,downloaded,200.0,image/png
DeMar DeRozan,demar derozan,historical,2009,2009,1,exact_full_name,201942.0,DeMar DeRozan,True,https://cdn.nba.com/headshots/nba/latest/1040x760/201942.png,C:\Users\jksut\Downloads\Fun Data Testing\rsci_nlp_package_staging\nlp_draft_bias_research\outputs_llm_enhanced\headshot_cache\nba_cdn_latest_1040x760\demar_derozan__201942.png,downloaded,200.0,image/png
DeMarre Carroll,demarre carroll,historical,2009,2009,1,exact_full_name,201960.0,DeMarre Carroll,False,https://cdn.nba.com/headshots/nba/latest/1040x760/201960.png,C:\Users\jksut\Downloads\Fun Data Testing\rsci_nlp_package_staging\nlp_draft_bias_research\outputs_llm_enhanced\headshot_cache\nba_cdn_latest_1040x760\demarre_carroll__201960.png,downloaded,200.0,image/png
Derrick Brown,derrick brown,historical,2009,2009,2,exact_full_name,201974.0,Derrick Brown,False,https://cdn.nba.com/headshots/nba/latest/1040x760/201974.png,C:\Users\jksut\Downloads\Fun Data Testing\rsci_nlp_package_staging\nlp_draft_bias_research\outputs_llm_enhanced\headshot_cache\nba_cdn_latest_1040x760\derrick_brown__201974.png,downloaded,200.0,image/png
Earl Clark,earl clark,historical,2009,2009,2,exact_full_name,201947.0,Earl Clark,False,https://cdn.nba.com/headshots/nba/latest/1040x760/201947.png,C:\Users\jksut\Downloads\Fun Data Testing\rsci_nlp_package_staging\nlp_draft_bias_research\outputs_llm_enhanced\headshot_cache\nba_cdn_latest_1040x760\earl_clark__201947.png,downloaded,200.0,image/png
Eric Maynor,eric maynor,historical,2009,2009,2,exact_full_name,201953.0,Eric Maynor,False,https://cdn.nba.com/headshots/nba/latest/1040x760/201953.png,C:\Users\jksut\Downloads\Fun Data Testing\rsci_nlp_package_staging\nlp_draft_bias_research\outputs_llm_enhanced\headshot_cache\nba_cdn_latest_1040x760\eric_maynor__201953.png,downloaded,200.0,image/png
Gerald Henderson,gerald henderson,historical,2009,2009,1,exact_full_name,76993.0,Gerald Henderson,False,https://cdn.nba.com/headshots/nba/latest/1040x760/76993.png,C:\Users\jksut\Downloads\Fun Data Testing\rsci_nlp_package_staging\nlp_draft_bias_research\outputs_llm_enhanced\headshot_cache\nba_cdn_latest_1040x760\gerald_henderson__76993.png,downloaded,200.0,image/png
Hasheem Thabeet,hasheem thabeet,historical,2009,2009,1,exact_full_name,201934.0,Hasheem Thabeet,False,https://cdn.nba.com/headshots/nba/latest/1040x760/201934.png,C:\Users\jksut\Downloads\Fun Data Testing\rsci_nlp_package_staging\nlp_draft_bias_research\outputs_llm_enhanced\headshot_cache\nba_cdn_latest_1040x760\hasheem_thabeet__201934.png,downloaded,200.0,image/png
James Harden,james harden,historical,2009,2009,2,exact_full_name,201935.0,James Harden,True,https://cdn.nba.com/headshots/nba/latest/1040x760/201935.png,C:\Users\jksut\Downloads\Fun Data Testing\rsci_nlp_package_staging\nlp_draft_bias_research\outputs_llm_enhanced\headshot_cache\nba_cdn_latest_1040x760\james_harden__201935.png,downloaded,200.0,image/png
James Johnson,james johnson,historical,2009,2009,2,exact_full_name,201949.0,James Johnson,False,https://cdn.nba.com/headshots/nba/latest/1040x760/201949.png,C:\Users\jksut\Downloads\Fun Data Testing\rsci_nlp_package_staging\nlp_draft_bias_research\outputs_llm_enhanced\headshot_cache\nba_cdn_latest_1040x760\james_johnson__201949.png,downloaded,200.0,image/png
Jeff Teague,jeff teague,historical,2009,2009,1,exact_full_name,201952.0,Jeff Teague,False,https://cdn.nba.com/headshots/nba/latest/1040x760/201952.png,C:\Users\jksut\Downloads\Fun Data Testing\rsci_nlp_package_staging\nlp_draft_bias_research\outputs_llm_enhanced\headshot_cache\nba_cdn_latest_1040x760\jeff_teague__201952.png,downloaded,200.0,image/png
Jermaine Taylor,jermaine taylor,historical,2009,2009,1,exact_full_name,201966.0,Jermaine Taylor,False,https://cdn.nba.com/headshots/nba/latest/1040x760/201966.png,C:\Users\jksut\Downloads\Fun Data Testing\rsci_nlp_package_staging\nlp_draft_bias_research\outputs_llm_enhanced\headshot_cache\nba_cdn_latest_1040x760\jermaine_taylor__201966.png,downloaded,200.0,image/png
Jodie Meeks,jodie meeks,historical,2009,2009,1,exact_full_name,201975.0,Jodie Meeks,False,https://cdn.nba.com/headshots/nba/latest/1040x760/201975.png,C:\Users\jksut\Downloads\Fun Data Testing\rsci_nlp_package_staging\nlp_draft_bias_research\outputs_llm_enhanced\headshot_cache\nba_cdn_latest_1040x760\jodie_meeks__201975.png,downloaded,200.0,image/png
Jon Brockman,jon brockman,historical,2009,2009,2,exact_full_name,201972.0,Jon Brockman,False,https://cdn.nba.com/headshots/nba/latest/1040x760/201972.png,C:\Users\jksut\Downloads\Fun Data Testing\rsci_nlp_package_staging\nlp_draft_bias_research\outputs_llm_enhanced\headshot_cache\nba_cdn_latest_1040x760\jon_brockman__201972.png,downloaded,200.0,image/png
Jonas Jerebko,jonas jerebko,historical,2009,2009,1,exact_full_name,201973.0,Jonas Jerebko,False,https://cdn.nba.com/headshots/nba/latest/1040x760/201973.png,C:\Users\jksut\Downloads\Fun Data Testing\rsci_nlp_package_staging\nlp_draft_bias_research\outputs_llm_enhanced\headshot_cache\nba_cdn_latest_1040x760\jonas_jerebko__201973.png,downloaded,200.0,image/png
Jonny Flynn,jonny flynn,historical,2009,2009,2,exact_full_name,201938.0,Jonny Flynn,False,https://cdn.nba.com/headshots/nba/latest/1040x760/201938.png,C:\Users\jksut\Downloads\Fun Data Testing\rsci_nlp_package_staging\nlp_draft_bias_research\outputs_llm_enhanced\headshot_cache\nba_cdn_latest_1040x760\jonny_flynn__201938.png,downloaded,200.0,image/png
Jordan Hill,jordan hill,historical,2009,2009,2,exact_full_name,201941.0,Jordan Hill,False,https://cdn.nba.com/headshots/nba/latest/1040x760/201941.png,C:\Users\jksut\Downloads\Fun Data Testing\rsci_nlp_package_staging\nlp_draft_bias_research\outputs_llm_enhanced\headshot_cache\nba_cdn_latest_1040x760\jordan_hill__201941.png,downloaded,200.0,image/png
Jrue Holiday,jrue holiday,historical,2009,2009,2,exact_full_name,201950.0,Jrue Holiday,True,https://cdn.nba.com/headshots/nba/latest/1040x760/201950.png,C:\Users\jksut\Downloads\Fun Data Testing\rsci_nlp_package_staging\nlp_draft_bias_research\outputs_llm_enhanced\headshot_cache\nba_cdn_latest_1040x760\jrue_holiday__201950.png,downloaded,200.0,image/png
Marcus Thornton,marcus thornton,historical,2009,2009,1,exact_full_name,201977.0,Marcus Thornton,False,https://cdn.nba.com/headshots/nba/latest/1040x760/201977.png,C:\Users\jksut\Downloads\Fun Data Testing\rsci_nlp_package_staging\nlp_draft_bias_research\outputs_llm_enhanced\headshot_cache\nba_cdn_latest_1040x760\marcus_thornton__201977.png,downloaded,200.0,image/png
Nando De Colo,nando de colo,historical,2009,2009,1,exact_full_name,201986.0,Nando De Colo,False,https://cdn.nba.com/headshots/nba/latest/1040x760/201986.png,C:\Users\jksut\Downloads\Fun Data Testing\rsci_nlp_package_staging\nlp_draft_bias_research\outputs_llm_enhanced\headshot_cache\nba_cdn_latest_1040x760\nando_de_colo__201986.png,downloaded,200.0,image/png
Nick Calathes,nick calathes,historical,2009,2009,1,exact_full_name,201979.0,Nick Calathes,False,https://cdn.nba.com/headshots/nba/latest/1040x760/201979.png,C:\Users\jksut\Downloads\Fun Data Testing\rsci_nlp_package_staging\nlp_draft_bias_research\outputs_llm_enhanced\headshot_cache\nba_cdn_latest_1040x760\nick_calathes__201979.png,downloaded,200.0,image/png
Omri Casspi,omri casspi,historical,2009,2009,1,exact_full_name,201956.0,Omri Casspi,False,https://cdn.nba.com/headshots/nba/latest/1040x760/201956.png,C:\Users\jksut\Downloads\Fun Data Testing\rsci_nlp_package_staging\nlp_draft_bias_research\outputs_llm_enhanced\headshot_cache\nba_cdn_latest_1040x760\omri_casspi__201956.png,downloaded,200.0,image/png
Ricky Rubio,ricky rubio,historical,2009,2009,2,exact_full_name,201937.0,Ricky Rubio,False,https://cdn.nba.com/headshots/nba/latest/1040x760/201937.png,C:\Users\jksut\Downloads\Fun Data Testing\rsci_nlp_package_staging\nlp_draft_bias_research\outputs_llm_enhanced\headshot_cache\nba_cdn_latest_1040x760\ricky_rubio__201937.png,downloaded,200.0,image/png
Robert Dozier,robert dozier,historical,2009,2009,1,unmatched,,,,,,unmatched,,
Rodrigue Beaubois,rodrigue beaubois,historical,2009,2009,1,exact_full_name,201958.0,Rodrigue Beaubois,False,https://cdn.nba.com/headshots/nba/latest/1040x760/201958.png,C:\Users\jksut\Downloads\Fun Data Testing\rsci_nlp_package_staging\nlp_draft_bias_research\outputs_llm_enhanced\headshot_cache\nba_cdn_latest_1040x760\rodrigue_beaubois__201958.png,downloaded,200.0,image/png
Sam Young,sam young,historical,2009,2009,2,exact_full_name,201970.0,Sam Young,False,https://cdn.nba.com/headshots/nba/latest/1040x760/201970.png,C:\Users\jksut\Downloads\Fun Data Testing\rsci_nlp_package_staging\nlp_draft_bias_research\outputs_llm_enhanced\headshot_cache\nba_cdn_latest_1040x760\sam_young__201970.png,downloaded,200.0,image/png
Sergio Llull,sergio llull,historical,2009,2009,1,unmatched,,,,,,unmatched,,
Stephen Curry,stephen curry,historical,2009,2009,1,exact_full_name,201939.0,Stephen Curry,True,https://cdn.nba.com/headshots/nba/latest/1040x760/201939.png,C:\Users\jksut\Downloads\Fun Data Testing\rsci_nlp_package_staging\nlp_draft_bias_research\outputs_llm_enhanced\headshot_cache\nba_cdn_latest_1040x760\stephen_curry__201939.png,downloaded,200.0,image/png
Taj Gibson,taj gibson,historical,2009,2009,1,exact_full_name,201959.0,Taj Gibson,False,https://cdn.nba.com/headshots/nba/latest/1040x760/201959.png,C:\Users\jksut\Downloads\Fun Data Testing\rsci_nlp_package_staging\nlp_draft_bias_research\outputs_llm_enhanced\headshot_cache\nba_cdn_latest_1040x760\taj_gibson__201959.png,downloaded,200.0,image/png
Terrence Williams,terrence williams,historical,2009,2009,1,exact_full_name,201944.0,Terrence Williams,False,https://cdn.nba.com/headshots/nba/latest/1040x760/201944.png,C:\Users\jksut\Downloads\Fun Data Testing\rsci_nlp_package_staging\nlp_draft_bias_research\outputs_llm_enhanced\headshot_cache\nba_cdn_latest_1040x760\terrence_williams__201944.png,downloaded,200.0,image/png
Toney Douglas,toney douglas,historical,2009,2009,1,exact_full_name,201962.0,Toney Douglas,False,https://cdn.nba.com/headshots/nba/latest/1040x760/201962.png,C:\Users\jksut\Downloads\Fun Data Testing\rsci_nlp_package_staging\nlp_draft_bias_research\outputs_llm_enhanced\headshot_cache\nba_cdn_latest_1040x760\toney_douglas__201962.png,downloaded,200.0,image/png
Ty Lawson,ty lawson,historical,2009,2009,1,exact_full_name,201951.0,Ty Lawson,False,https://cdn.nba.com/headshots/nba/latest/1040x760/201951.png,C:\Users\jksut\Downloads\Fun Data Testing\rsci_nlp_package_staging\nlp_draft_bias_research\outputs_llm_enhanced\headshot_cache\nba_cdn_latest_1040x760\ty_lawson__201951.png,downloaded,200.0,image/png
Tyler Hansbrough,tyler hansbrough,historical,2009,2009,2,exact_full_name,201946.0,Tyler Hansbrough,False,https://cdn.nba.com/headshots/nba/latest/1040x760/201946.png,C:\Users\jksut\Downloads\Fun Data Testing\rsci_nlp_package_staging\nlp_draft_bias_research\outputs_llm_enhanced\headshot_cache\nba_cdn_latest_1040x760\tyler_hansbrough__201946.png,downloaded,200.0,image/png
Tyreke Evans,tyreke evans,historical,2009,2009,2,exact_full_name,201936.0,Tyreke Evans,False,https://cdn.nba.com/headshots/nba/latest/1040x760/201936.png,C:\Users\jksut\Downloads\Fun Data Testing\rsci_nlp_package_staging\nlp_draft_bias_research\outputs_llm_enhanced\headshot_cache\nba_cdn_latest_1040x760\tyreke_evans__201936.png,downloaded,200.0,image/png
Victor Claver,victor claver,historical,2009,2009,1,exact_full_name,201964.0,Victor Claver,False,https://cdn.nba.com/headshots/nba/latest/1040x760/201964.png,C:\Users\jksut\Downloads\Fun Data Testing\rsci_nlp_package_staging\nlp_draft_bias_research\outputs_llm_enhanced\headshot_cache\nba_cdn_latest_1040x760\victor_claver__201964.png,downloaded,200.0,image/png
Wayne Ellington,wayne ellington,historical,2009,2009,1,exact_full_name,201961.0,Wayne Ellington,False,https://cdn.nba.com/headshots/nba/latest/1040x760/201961.png,C:\Users\jksut\Downloads\Fun Data Testing\rsci_nlp_package_staging\nlp_draft_bias_research\outputs_llm_enhanced\headshot_cache\nba_cdn_latest_1040x760\wayne_ellington__201961.png,downloaded,200.0,image/png
Al-Farouq Aminu,al farouq aminu,historical,2010,2010,1,exact_full_name,202329.0,Al-Farouq Aminu,False,https://cdn.nba.com/headshots/nba/latest/1040x760/202329.png,C:\Users\jksut\Downloads\Fun Data Testing\rsci_nlp_package_staging\nlp_draft_bias_research\outputs_llm_enhanced\headshot_cache\nba_cdn_latest_1040x760\al_farouq_aminu__202329.png,downloaded,200.0,image/png
Armon Johnson,armon johnson,historical,2010,2010,1,exact_full_name,202356.0,Armon Johnson,False,https://cdn.nba.com/headshots/nba/latest/1040x760/202356.png,C:\Users\jksut\Downloads\Fun Data Testing\rsci_nlp_package_staging\nlp_draft_bias_research\outputs_llm_enhanced\headshot_cache\nba_cdn_latest_1040x760\armon_johnson__202356.png,downloaded,200.0,image/png
Avery Bradley,avery bradley,historical,2010,2010,1,exact_full_name,202340.0,Avery Bradley,False,https://cdn.nba.com/headshots/nba/latest/1040x760/202340.png,C:\Users\jksut\Downloads\Fun Data Testing\rsci_nlp_package_staging\nlp_draft_bias_research\outputs_llm_enhanced\headshot_cache\nba_cdn_latest_1040x760\avery_bradley__202340.png,downloaded,200.0,image/png
Cole Aldrich,cole aldrich,historical,2010,2010,1,exact_full_name,202332.0,Cole Aldrich,False,https://cdn.nba.com/headshots/nba/latest/1040x760/202332.png,C:\Users\jksut\Downloads\Fun Data Testing\rsci_nlp_package_staging\nlp_draft_bias_research\outputs_llm_enhanced\headshot_cache\nba_cdn_latest_1040x760\cole_aldrich__202332.png,downloaded,200.0,image/png
Craig Brackins,craig brackins,historical,2010,2010,1,exact_full_name,202342.0,Craig Brackins,False,https://cdn.nba.com/headshots/nba/latest/1040x760/202342.png,C:\Users\jksut\Downloads\Fun Data Testing\rsci_nlp_package_staging\nlp_draft_bias_research\outputs_llm_enhanced\headshot_cache\nba_cdn_latest_1040x760\craig_brackins__202342.png,downloaded,200.0,image/png
Damion James,damion james,historical,2010,2010,1,exact_full_name,202345.0,Damion James,False,https://cdn.nba.com/headshots/nba/latest/1040x760/202345.png,C:\Users\jksut\Downloads\Fun Data Testing\rsci_nlp_package_staging\nlp_draft_bias_research\outputs_llm_enhanced\headshot_cache\nba_cdn_latest_1040x760\damion_james__202345.png,downloaded,200.0,image/png
Daniel Orton,daniel orton,historical,2010,2010,1,exact_full_name,202350.0,Daniel Orton,False,https://cdn.nba.com/headshots/nba/latest/1040x760/202350.png,C:\Users\jksut\Downloads\Fun Data Testing\rsci_nlp_package_staging\nlp_draft_bias_research\outputs_llm_enhanced\headshot_cache\nba_cdn_latest_1040x760\daniel_orton__202350.png,downloaded,200.0,image/png
DeMarcus Cousins,demarcus cousins,historical,2010,2010,1,exact_full_name,202326.0,DeMarcus Cousins,False,https://cdn.nba.com/headshots/nba/latest/1040x760/202326.png,C:\Users\jksut\Downloads\Fun Data Testing\rsci_nlp_package_staging\nlp_draft_bias_research\outputs_llm_enhanced\headshot_cache\nba_cdn_latest_1040x760\demarcus_cousins__202326.png,downloaded,200.0,image/png
Derrick Favors,derrick favors,historical,2010,2010,1,exact_full_name,202324.0,Derrick Favors,False,https://cdn.nba.com/headshots/nba/latest/1040x760/202324.png,C:\Users\jksut\Downloads\Fun Data Testing\rsci_nlp_package_staging\nlp_draft_bias_research\outputs_llm_enhanced\headshot_cache\nba_cdn_latest_1040x760\derrick_favors__202324.png,downloaded,200.0,image/png
Devin Ebanks,devin ebanks,historical,2010,2010,1,exact_full_name,202365.0,Devin Ebanks,False,https://cdn.nba.com/headshots/nba/latest/1040x760/202365.png,C:\Users\jksut\Downloads\Fun Data Testing\rsci_nlp_package_staging\nlp_draft_bias_research\outputs_llm_enhanced\headshot_cache\nba_cdn_latest_1040x760\devin_ebanks__202365.png,downloaded,200.0,image/png
Dominique Jones,dominique jones,historical,2010,2010,1,exact_full_name,202346.0,Dominique Jones,False,https://cdn.nba.com/headshots/nba/latest/1040x760/202346.png,C:\Users\jksut\Downloads\Fun Data Testing\rsci_nlp_package_staging\nlp_draft_bias_research\outputs_llm_enhanced\headshot_cache\nba_cdn_latest_1040x760\dominique_jones__202346.png,downloaded,200.0,image/png
Dwayne Collins,dwayne collins,historical,2010,2010,1,unmatched,,,,,,unmatched,,
Ed Davis,ed davis,historical,2010,2010,1,exact_full_name,202334.0,Ed Davis,False,https://cdn.nba.com/headshots/nba/latest/1040x760/202334.png,C:\Users\jksut\Downloads\Fun Data Testing\rsci_nlp_package_staging\nlp_draft_bias_research\outputs_llm_enhanced\headshot_cache\nba_cdn_latest_1040x760\ed_davis__202334.png,downloaded,200.0,image/png
Ekpe Udoh,ekpe udoh,historical,2010,2010,1,exact_full_name,202327.0,Ekpe Udoh,False,https://cdn.nba.com/headshots/nba/latest/1040x760/202327.png,C:\Users\jksut\Downloads\Fun Data Testing\rsci_nlp_package_staging\nlp_draft_bias_research\outputs_llm_enhanced\headshot_cache\nba_cdn_latest_1040x760\ekpe_udoh__202327.png,downloaded,200.0,image/png
Elliot Williams,elliot williams,historical,2010,2010,1,exact_full_name,202343.0,Elliot Williams,False,https://cdn.nba.com/headshots/nba/latest/1040x760/202343.png,C:\Users\jksut\Downloads\Fun Data Testing\rsci_nlp_package_staging\nlp_draft_bias_research\outputs_llm_enhanced\headshot_cache\nba_cdn_latest_1040x760\elliot_williams__202343.png,downloaded,200.0,image/png
Eric Bledsoe,eric bledsoe,historical,2010,2010,1,exact_full_name,202339.0,Eric Bledsoe,False,https://cdn.nba.com/headshots/nba/latest/1040x760/202339.png,C:\Users\jksut\Downloads\Fun Data Testing\rsci_nlp_package_staging\nlp_draft_bias_research\outputs_llm_enhanced\headshot_cache\nba_cdn_latest_1040x760\eric_bledsoe__202339.png,downloaded,200.0,image/png
Evan Turner,evan turner,historical,2010,2010,1,exact_full_name,202323.0,Evan Turner,False,https://cdn.nba.com/headshots/nba/latest/1040x760/202323.png,C:\Users\jksut\Downloads\Fun Data Testing\rsci_nlp_package_staging\nlp_draft_bias_research\outputs_llm_enhanced\headshot_cache\nba_cdn_latest_1040x760\evan_turner__202323.png,downloaded,200.0,image/png
Gani Lawal,gani lawal,historical,2010,2010,1,exact_full_name,202371.0,Gani Lawal,False,https://cdn.nba.com/headshots/nba/latest/1040x760/202371.png,C:\Users\jksut\Downloads\Fun Data Testing\rsci_nlp_package_staging\nlp_draft_bias_research\outputs_llm_enhanced\headshot_cache\nba_cdn_latest_1040x760\gani_lawal__202371.png,downloaded,200.0,image/png
Gordon Hayward,gordon hayward,historical,2010,2010,1,exact_full_name,202330.0,Gordon Hayward,False,https://cdn.nba.com/headshots/nba/latest/1040x760/202330.png,C:\Users\jksut\Downloads\Fun Data Testing\rsci_nlp_package_staging\nlp_draft_bias_research\outputs_llm_enhanced\headshot_cache\nba_cdn_latest_1040x760\gordon_hayward__202330.png,downloaded,200.0,image/png
Greg Monroe,greg monroe,historical,2010,2010,1,exact_full_name,202328.0,Greg Monroe,False,https://cdn.nba.com/headshots/nba/latest/1040x760/202328.png,C:\Users\jksut\Downloads\Fun Data Testing\rsci_nlp_package_staging\nlp_draft_bias_research\outputs_llm_enhanced\headshot_cache\nba_cdn_latest_1040x760\greg_monroe__202328.png,downloaded,200.0,image/png
Greivis Vasquez,greivis vasquez,historical,2010,2010,1,exact_full_name,202349.0,Greivis Vasquez,False,https://cdn.nba.com/headshots/nba/latest/1040x760/202349.png,C:\Users\jksut\Downloads\Fun Data Testing\rsci_nlp_package_staging\nlp_draft_bias_research\outputs_llm_enhanced\headshot_cache\nba_cdn_latest_1040x760\greivis_vasquez__202349.png,downloaded,200.0,image/png
Hassan Whiteside,hassan whiteside,historical,2010,2010,1,exact_full_name,202355.0,Hassan Whiteside,False,https://cdn.nba.com/headshots/nba/latest/1040x760/202355.png,C:\Users\jksut\Downloads\Fun Data Testing\rsci_nlp_package_staging\nlp_draft_bias_research\outputs_llm_enhanced\headshot_cache\nba_cdn_latest_1040x760\hassan_whiteside__202355.png,downloaded,200.0,image/png
James Anderson,james anderson,historical,2010,2010,1,exact_full_name,202341.0,James Anderson,False,https://cdn.nba.com/headshots/nba/latest/1040x760/202341.png,C:\Users\jksut\Downloads\Fun Data Testing\rsci_nlp_package_staging\nlp_draft_bias_research\outputs_llm_enhanced\headshot_cache\nba_cdn_latest_1040x760\james_anderson__202341.png,downloaded,200.0,image/png
Jarvis Varnado,jarvis varnado,historical,2010,2010,1,exact_full_name,202363.0,Jarvis Varnado,False,https://cdn.nba.com/headshots/nba/latest/1040x760/202363.png,C:\Users\jksut\Downloads\Fun Data Testing\rsci_nlp_package_staging\nlp_draft_bias_research\outputs_llm_enhanced\headshot_cache\nba_cdn_latest_1040x760\jarvis_varnado__202363.png,downloaded,200.0,image/png
Jerome Jordan,jerome jordan,historical,2010,2010,1,exact_full_name,202366.0,Jerome Jordan,False,https://cdn.nba.com/headshots/nba/latest/1040x760/202366.png,C:\Users\jksut\Downloads\Fun Data Testing\rsci_nlp_package_staging\nlp_draft_bias_research\outputs_llm_enhanced\headshot_cache\nba_cdn_latest_1040x760\jerome_jordan__202366.png,downloaded,200.0,image/png
John Wall,john wall,historical,2010,2010,1,exact_full_name,202322.0,John Wall,False,https://cdn.nba.com/headshots/nba/latest/1040x760/202322.png,C:\Users\jksut\Downloads\Fun Data Testing\rsci_nlp_package_staging\nlp_draft_bias_research\outputs_llm_enhanced\headshot_cache\nba_cdn_latest_1040x760\john_wall__202322.png,downloaded,200.0,image/png
Jordan Crawford,jordan crawford,historical,2010,2010,1,exact_full_name,202348.0,Jordan Crawford,False,https://cdn.nba.com/headshots/nba/latest/1040x760/202348.png,C:\Users\jksut\Downloads\Fun Data Testing\rsci_nlp_package_staging\nlp_draft_bias_research\outputs_llm_enhanced\headshot_cache\nba_cdn_latest_1040x760\jordan_crawford__202348.png,downloaded,200.0,image/png
Kevin Seraphin,kevin seraphin,historical,2010,2010,1,exact_full_name,202338.0,Kevin Seraphin,False,https://cdn.nba.com/headshots/nba/latest/1040x760/202338.png,C:\Users\jksut\Downloads\Fun Data Testing\rsci_nlp_package_staging\nlp_draft_bias_research\outputs_llm_enhanced\headshot_cache\nba_cdn_latest_1040x760\kevin_seraphin__202338.png,downloaded,200.0,image/png
Lance Stephenson,lance stephenson,historical,2010,2010,1,exact_full_name,202362.0,Lance Stephenson,False,https://cdn.nba.com/headshots/nba/latest/1040x760/202362.png,C:\Users\jksut\Downloads\Fun Data Testing\rsci_nlp_package_staging\nlp_draft_bias_research\outputs_llm_enhanced\headshot_cache\nba_cdn_latest_1040x760\lance_stephenson__202362.png,downloaded,200.0,image/png
Larry Sanders,larry sanders,historical,2010,2010,1,exact_full_name,202336.0,Larry Sanders,False,https://cdn.nba.com/headshots/nba/latest/1040x760/202336.png,C:\Users\jksut\Downloads\Fun Data Testing\rsci_nlp_package_staging\nlp_draft_bias_research\outputs_llm_enhanced\headshot_cache\nba_cdn_latest_1040x760\larry_sanders__202336.png,downloaded,200.0,image/png
Latavious Williams,latavious williams,historical,2010,2010,1,unmatched,,,,,,unmatched,,
Lazar Hayward,lazar hayward,historical,2010,2010,1,exact_full_name,202351.0,Lazar Hayward,False,https://cdn.nba.com/headshots/nba/latest/1040x760/202351.png,C:\Users\jksut\Downloads\Fun Data Testing\rsci_nlp_package_staging\nlp_draft_bias_research\outputs_llm_enhanced\headshot_cache\nba_cdn_latest_1040x760\lazar_hayward__202351.png,downloaded,200.0,image/png
Luke Babbitt,luke babbitt,historical,2010,2010,1,exact_full_name,202337.0,Luke Babbitt,False,https://cdn.nba.com/headshots/nba/latest/1040x760/202337.png,C:\Users\jksut\Downloads\Fun Data Testing\rsci_nlp_package_staging\nlp_draft_bias_research\outputs_llm_enhanced\headshot_cache\nba_cdn_latest_1040x760\luke_babbitt__202337.png,downloaded,200.0,image/png
Luke Harangody,luke harangody,historical,2010,2010,1,exact_full_name,202376.0,Luke Harangody,False,https://cdn.nba.com/headshots/nba/latest/1040x760/202376.png,C:\Users\jksut\Downloads\Fun Data Testing\rsci_nlp_package_staging\nlp_draft_bias_research\outputs_llm_enhanced\headshot_cache\nba_cdn_latest_1040x760\luke_harangody__202376.png,downloaded,200.0,image/png
Patrick Patterson,patrick patterson,historical,2010,2010,1,exact_full_name,202335.0,Patrick Patterson,False,https://cdn.nba.com/headshots/nba/latest/1040x760/202335.png,C:\Users\jksut\Downloads\Fun Data Testing\rsci_nlp_package_staging\nlp_draft_bias_research\outputs_llm_enhanced\headshot_cache\nba_cdn_latest_1040x760\patrick_patterson__202335.png,downloaded,200.0,image/png
Paul George,paul george,historical,2010,2010,1,exact_full_name,202331.0,Paul George,True,https://cdn.nba.com/headshots/nba/latest/1040x760/202331.png,C:\Users\jksut\Downloads\Fun Data Testing\rsci_nlp_package_staging\nlp_draft_bias_research\outputs_llm_enhanced\headshot_cache\nba_cdn_latest_1040x760\paul_george__202331.png,downloaded,200.0,image/png
Quincy Pondexter,quincy pondexter,historical,2010,2010,1,exact_full_name,202347.0,Quincy Pondexter,False,https://cdn.nba.com/headshots/nba/latest/1040x760/202347.png,C:\Users\jksut\Downloads\Fun Data Testing\rsci_nlp_package_staging\nlp_draft_bias_research\outputs_llm_enhanced\headshot_cache\nba_cdn_latest_1040x760\quincy_pondexter__202347.png,downloaded,200.0,image/png
Ryan Richards,ryan richards,historical,2010,2010,1,unmatched,,,,,,unmatched,,
Solomon Alabi,solomon alabi,historical,2010,2010,1,exact_full_name,202374.0,Solomon Alabi,False,https://cdn.nba.com/headshots/nba/latest/1040x760/202374.png,C:\Users\jksut\Downloads\Fun Data Testing\rsci_nlp_package_staging\nlp_draft_bias_research\outputs_llm_enhanced\headshot_cache\nba_cdn_latest_1040x760\solomon_alabi__202374.png,downloaded,200.0,image/png
Stanley Robinson,stanley robinson,historical,2010,2010,1,unmatched,,,,,,unmatched,,
Terrico White,terrico white,historical,2010,2010,1,exact_full_name,202358.0,Terrico White,False,https://cdn.nba.com/headshots/nba/latest/1040x760/202358.png,C:\Users\jksut\Downloads\Fun Data Testing\rsci_nlp_package_staging\nlp_draft_bias_research\outputs_llm_enhanced\headshot_cache\nba_cdn_latest_1040x760\terrico_white__202358.png,downloaded,200.0,image/png
Tibor Pleiss,tibor pleiss,historical,2010,2010,1,exact_full_name,202353.0,Tibor Pleiss,False,https://cdn.nba.com/headshots/nba/latest/1040x760/202353.png,C:\Users\jksut\Downloads\Fun Data Testing\rsci_nlp_package_staging\nlp_draft_bias_research\outputs_llm_enhanced\headshot_cache\nba_cdn_latest_1040x760\tibor_pleiss__202353.png,downloaded,200.0,image/png
Tiny Gallon,tiny gallon,historical,2010,2010,1,unmatched,,,,,,unmatched,,
Trevor Booker,trevor booker,historical,2010,2010,1,exact_full_name,202344.0,Trevor Booker,False,https://cdn.nba.com/headshots/nba/latest/1040x760/202344.png,C:\Users\jksut\Downloads\Fun Data Testing\rsci_nlp_package_staging\nlp_draft_bias_research\outputs_llm_enhanced\headshot_cache\nba_cdn_latest_1040x760\trevor_booker__202344.png,downloaded,200.0,image/png
Wesley Johnson,wesley johnson,historical,2010,2010,1,exact_full_name,202325.0,Wesley Johnson,False,https://cdn.nba.com/headshots/nba/latest/1040x760/202325.png,C:\Users\jksut\Downloads\Fun Data Testing\rsci_nlp_package_staging\nlp_draft_bias_research\outputs_llm_enhanced\headshot_cache\nba_cdn_latest_1040x760\wesley_johnson__202325.png,downloaded,200.0,image/png
Willie Warren,willie warren,historical,2010,2010,1,exact_full_name,202378.0,Willie Warren,False,https://cdn.nba.com/headshots/nba/latest/1040x760/202378.png,C:\Users\jksut\Downloads\Fun Data Testing\rsci_nlp_package_staging\nlp_draft_bias_research\outputs_llm_enhanced\headshot_cache\nba_cdn_latest_1040x760\willie_warren__202378.png,downloaded,200.0,image/png
Xavier Henry,xavier henry,historical,2010,2010,1,exact_full_name,202333.0,Xavier Henry,False,https://cdn.nba.com/headshots/nba/latest/1040x760/202333.png,C:\Users\jksut\Downloads\Fun Data Testing\rsci_nlp_package_staging\nlp_draft_bias_research\outputs_llm_enhanced\headshot_cache\nba_cdn_latest_1040x760\xavier_henry__202333.png,downloaded,200.0,image/png
Alec Burks,alec burks,historical,2011,2011,1,exact_full_name,202692.0,Alec Burks,False,https://cdn.nba.com/headshots/nba/latest/1040x760/202692.png,C:\Users\jksut\Downloads\Fun Data Testing\rsci_nlp_package_staging\nlp_draft_bias_research\outputs_llm_enhanced\headshot_cache\nba_cdn_latest_1040x760\alec_burks__202692.png,downloaded,200.0,image/png
Andrew Goudelock,andrew goudelock,historical,2011,2011,1,exact_full_name,202726.0,Andrew Goudelock,False,https://cdn.nba.com/headshots/nba/latest/1040x760/202726.png,C:\Users\jksut\Downloads\Fun Data Testing\rsci_nlp_package_staging\nlp_draft_bias_research\outputs_llm_enhanced\headshot_cache\nba_cdn_latest_1040x760\andrew_goudelock__202726.png,downloaded,200.0,image/png
Bismack Biyombo,bismack biyombo,historical,2011,2011,1,exact_full_name,202687.0,Bismack Biyombo,True,https://cdn.nba.com/headshots/nba/latest/1040x760/202687.png,C:\Users\jksut\Downloads\Fun Data Testing\rsci_nlp_package_staging\nlp_draft_bias_research\outputs_llm_enhanced\headshot_cache\nba_cdn_latest_1040x760\bismack_biyombo__202687.png,downloaded,200.0,image/png
Bojan Bogdanovic,bojan bogdanovic,historical,2011,2011,1,exact_full_name,202711.0,Bojan Bogdanovic,False,https://cdn.nba.com/headshots/nba/latest/1040x760/202711.png,C:\Users\jksut\Downloads\Fun Data Testing\rsci_nlp_package_staging\nlp_draft_bias_research\outputs_llm_enhanced\headshot_cache\nba_cdn_latest_1040x760\bojan_bogdanovic__202711.png,downloaded,200.0,image/png
Brandon Knight,brandon knight,historical,2011,2011,1,exact_full_name,202688.0,Brandon Knight,False,https://cdn.nba.com/headshots/nba/latest/1040x760/202688.png,C:\Users\jksut\Downloads\Fun Data Testing\rsci_nlp_package_staging\nlp_draft_bias_research\outputs_llm_enhanced\headshot_cache\nba_cdn_latest_1040x760\brandon_knight__202688.png,downloaded,200.0,image/png
Chandler Parsons,chandler parsons,historical,2011,2011,1,exact_full_name,202718.0,Chandler Parsons,False,https://cdn.nba.com/headshots/nba/latest/1040x760/202718.png,C:\Users\jksut\Downloads\Fun Data Testing\rsci_nlp_package_staging\nlp_draft_bias_research\outputs_llm_enhanced\headshot_cache\nba_cdn_latest_1040x760\chandler_parsons__202718.png,downloaded,200.0,image/png
Charles Jenkins,charles jenkins,historical,2011,2011,1,exact_full_name,202724.0,Charles Jenkins,False,https://cdn.nba.com/headshots/nba/latest/1040x760/202724.png,C:\Users\jksut\Downloads\Fun Data Testing\rsci_nlp_package_staging\nlp_draft_bias_research\outputs_llm_enhanced\headshot_cache\nba_cdn_latest_1040x760\charles_jenkins__202724.png,downloaded,200.0,image/png
Chris Singleton,chris singleton,historical,2011,2011,1,exact_full_name,202698.0,Chris Singleton,False,https://cdn.nba.com/headshots/nba/latest/1040x760/202698.png,C:\Users\jksut\Downloads\Fun Data Testing\rsci_nlp_package_staging\nlp_draft_bias_research\outputs_llm_enhanced\headshot_cache\nba_cdn_latest_1040x760\chris_singleton__202698.png,downloaded,200.0,image/png
Cory Joseph,cory joseph,historical,2011,2011,1,exact_full_name,202709.0,Cory Joseph,False,https://cdn.nba.com/headshots/nba/latest/1040x760/202709.png,C:\Users\jksut\Downloads\Fun Data Testing\rsci_nlp_package_staging\nlp_draft_bias_research\outputs_llm_enhanced\headshot_cache\nba_cdn_latest_1040x760\cory_joseph__202709.png,downloaded,200.0,image/png
Darius Morris,darius morris,historical,2011,2011,1,exact_full_name,202721.0,Darius Morris,False,https://cdn.nba.com/headshots/nba/latest/1040x760/202721.png,C:\Users\jksut\Downloads\Fun Data Testing\rsci_nlp_package_staging\nlp_draft_bias_research\outputs_llm_enhanced\headshot_cache\nba_cdn_latest_1040x760\darius_morris__202721.png,downloaded,200.0,image/png
Davis Bertans,davis bertans,historical,2011,2011,1,exact_full_name,202722.0,Davis Bertans,False,https://cdn.nba.com/headshots/nba/latest/1040x760/202722.png,C:\Users\jksut\Downloads\Fun Data Testing\rsci_nlp_package_staging\nlp_draft_bias_research\outputs_llm_enhanced\headshot_cache\nba_cdn_latest_1040x760\davis_bertans__202722.png,downloaded,200.0,image/png
DeAndre Liggins,deandre liggins,historical,2011,2011,1,exact_full_name,202732.0,DeAndre Liggins,False,https://cdn.nba.com/headshots/nba/latest/1040x760/202732.png,C:\Users\jksut\Downloads\Fun Data Testing\rsci_nlp_package_staging\nlp_draft_bias_research\outputs_llm_enhanced\headshot_cache\nba_cdn_latest_1040x760\deandre_liggins__202732.png,downloaded,200.0,image/png
Derrick Williams,derrick williams,historical,2011,2011,1,exact_full_name,202682.0,Derrick Williams,False,https://cdn.nba.com/headshots/nba/latest/1040x760/202682.png,C:\Users\jksut\Downloads\Fun Data Testing\rsci_nlp_package_staging\nlp_draft_bias_research\outputs_llm_enhanced\headshot_cache\nba_cdn_latest_1040x760\derrick_williams__202682.png,downloaded,200.0,image/png
Donatas Motiejunas,donatas motiejunas,historical,2011,2011,1,exact_full_name,202700.0,Donatas Motiejunas,False,https://cdn.nba.com/headshots/nba/latest/1040x760/202700.png,C:\Users\jksut\Downloads\Fun Data Testing\rsci_nlp_package_staging\nlp_draft_bias_research\outputs_llm_enhanced\headshot_cache\nba_cdn_latest_1040x760\donatas_motiejunas__202700.png,downloaded,200.0,image/png
E'Twaun Moore,e twaun moore,historical,2011,2011,1,exact_full_name,202734.0,E'Twaun Moore,False,https://cdn.nba.com/headshots/nba/latest/1040x760/202734.png,C:\Users\jksut\Downloads\Fun Data Testing\rsci_nlp_package_staging\nlp_draft_bias_research\outputs_llm_enhanced\headshot_cache\nba_cdn_latest_1040x760\e_twaun_moore__202734.png,downloaded,200.0,image/png
Iman Shumpert,iman shumpert,historical,2011,2011,1,exact_full_name,202697.0,Iman Shumpert,False,https://cdn.nba.com/headshots/nba/latest/1040x760/202697.png,C:\Users\jksut\Downloads\Fun Data Testing\rsci_nlp_package_staging\nlp_draft_bias_research\outputs_llm_enhanced\headshot_cache\nba_cdn_latest_1040x760\iman_shumpert__202697.png,downloaded,200.0,image/png
Jan Vesely,jan vesely,historical,2011,2011,1,exact_full_name,202686.0,Jan Vesely,False,https://cdn.nba.com/headshots/nba/latest/1040x760/202686.png,C:\Users\jksut\Downloads\Fun Data Testing\rsci_nlp_package_staging\nlp_draft_bias_research\outputs_llm_enhanced\headshot_cache\nba_cdn_latest_1040x760\jan_vesely__202686.png,downloaded,200.0,image/png
Jeremy Tyler,jeremy tyler,historical,2011,2011,1,exact_full_name,202719.0,Jeremy Tyler,False,https://cdn.nba.com/headshots/nba/latest/1040x760/202719.png,C:\Users\jksut\Downloads\Fun Data Testing\rsci_nlp_package_staging\nlp_draft_bias_research\outputs_llm_enhanced\headshot_cache\nba_cdn_latest_1040x760\jeremy_tyler__202719.png,downloaded,200.0,image/png
Jimmer Fredette,jimmer fredette,historical,2011,2011,1,exact_full_name,202690.0,Jimmer Fredette,False,https://cdn.nba.com/headshots/nba/latest/1040x760/202690.png,C:\Users\jksut\Downloads\Fun Data Testing\rsci_nlp_package_staging\nlp_draft_bias_research\outputs_llm_enhanced\headshot_cache\nba_cdn_latest_1040x760\jimmer_fredette__202690.png,downloaded,200.0,image/png
Jimmy Butler III,jimmy butler,historical,2011,2011,1,exact_full_name,202710.0,Jimmy Butler III,True,https://cdn.nba.com/headshots/nba/latest/1040x760/202710.png,C:\Users\jksut\Downloads\Fun Data Testing\rsci_nlp_package_staging\nlp_draft_bias_research\outputs_llm_enhanced\headshot_cache\nba_cdn_latest_1040x760\jimmy_butler_iii__202710.png,downloaded,200.0,image/png
Jon Leuer,jon leuer,historical,2011,2011,1,exact_full_name,202720.0,Jon Leuer,False,https://cdn.nba.com/headshots/nba/latest/1040x760/202720.png,C:\Users\jksut\Downloads\Fun Data Testing\rsci_nlp_package_staging\nlp_draft_bias_research\outputs_llm_enhanced\headshot_cache\nba_cdn_latest_1040x760\jon_leuer__202720.png,downloaded,200.0,image/png
Jonas Valančiūnas,jonas valanciunas,historical,2011,2011,1,exact_full_name,202685.0,Jonas Valančiūnas,True,https://cdn.nba.com/headshots/nba/latest/1040x760/202685.png,C:\Users\jksut\Downloads\Fun Data Testing\rsci_nlp_package_staging\nlp_draft_bias_research\outputs_llm_enhanced\headshot_cache\nba_cdn_latest_1040x760\jonas_valanciunas__202685.png,downloaded,200.0,image/png
Jordan Hamilton,jordan hamilton,historical,2011,2011,1,exact_full_name,202706.0,Jordan Hamilton,False,https://cdn.nba.com/headshots/nba/latest/1040x760/202706.png,C:\Users\jksut\Downloads\Fun Data Testing\rsci_nlp_package_staging\nlp_draft_bias_research\outputs_llm_enhanced\headshot_cache\nba_cdn_latest_1040x760\jordan_hamilton__202706.png,downloaded,200.0,image/png
Jordan Williams,jordan williams,historical,2011,2011,1,exact_full_name,202716.0,Jordan Williams,False,https://cdn.nba.com/headshots/nba/latest/1040x760/202716.png,C:\Users\jksut\Downloads\Fun Data Testing\rsci_nlp_package_staging\nlp_draft_bias_research\outputs_llm_enhanced\headshot_cache\nba_cdn_latest_1040x760\jordan_williams__202716.png,downloaded,200.0,image/png
Josh Selby,josh selby,historical,2011,2011,1,exact_full_name,202729.0,Josh Selby,False,https://cdn.nba.com/headshots/nba/latest/1040x760/202729.png,C:\Users\jksut\Downloads\Fun Data Testing\rsci_nlp_package_staging\nlp_draft_bias_research\outputs_llm_enhanced\headshot_cache\nba_cdn_latest_1040x760\josh_selby__202729.png,downloaded,200.0,image/png
Justin Harper,justin harper,historical,2011,2011,1,exact_full_name,202712.0,Justin Harper,False,https://cdn.nba.com/headshots/nba/latest/1040x760/202712.png,C:\Users\jksut\Downloads\Fun Data Testing\rsci_nlp_package_staging\nlp_draft_bias_research\outputs_llm_enhanced\headshot_cache\nba_cdn_latest_1040x760\justin_harper__202712.png,downloaded,200.0,image/png
Kawhi Leonard,kawhi leonard,historical,2011,2011,1,exact_full_name,202695.0,Kawhi Leonard,True,https://cdn.nba.com/headshots/nba/latest/1040x760/202695.png,C:\Users\jksut\Downloads\Fun Data Testing\rsci_nlp_package_staging\nlp_draft_bias_research\outputs_llm_enhanced\headshot_cache\nba_cdn_latest_1040x760\kawhi_leonard__202695.png,downloaded,200.0,image/png
Keith Benson,keith benson,historical,2011,2011,1,exact_full_name,202728.0,Keith Benson,False,https://cdn.nba.com/headshots/nba/latest/1040x760/202728.png,C:\Users\jksut\Downloads\Fun Data Testing\rsci_nlp_package_staging\nlp_draft_bias_research\outputs_llm_enhanced\headshot_cache\nba_cdn_latest_1040x760\keith_benson__202728.png,downloaded,200.0,image/png
Kemba Walker,kemba walker,historical,2011,2011,1,exact_full_name,202689.0,Kemba Walker,False,https://cdn.nba.com/headshots/nba/latest/1040x760/202689.png,C:\Users\jksut\Downloads\Fun Data Testing\rsci_nlp_package_staging\nlp_draft_bias_research\outputs_llm_enhanced\headshot_cache\nba_cdn_latest_1040x760\kemba_walker__202689.png,downloaded,200.0,image/png
Kenneth Faried,kenneth faried,historical,2011,2011,1,exact_full_name,202702.0,Kenneth Faried,False,https://cdn.nba.com/headshots/nba/latest/1040x760/202702.png,C:\Users\jksut\Downloads\Fun Data Testing\rsci_nlp_package_staging\nlp_draft_bias_research\outputs_llm_enhanced\headshot_cache\nba_cdn_latest_1040x760\kenneth_faried__202702.png,downloaded,200.0,image/png
Klay Thompson,klay thompson,historical,2011,2011,1,exact_full_name,202691.0,Klay Thompson,True,https://cdn.nba.com/headshots/nba/latest/1040x760/202691.png,C:\Users\jksut\Downloads\Fun Data Testing\rsci_nlp_package_staging\nlp_draft_bias_research\outputs_llm_enhanced\headshot_cache\nba_cdn_latest_1040x760\klay_thompson__202691.png,downloaded,200.0,image/png
Kyle Singler,kyle singler,historical,2011,2011,1,exact_full_name,202713.0,Kyle Singler,False,https://cdn.nba.com/headshots/nba/latest/1040x760/202713.png,C:\Users\jksut\Downloads\Fun Data Testing\rsci_nlp_package_staging\nlp_draft_bias_research\outputs_llm_enhanced\headshot_cache\nba_cdn_latest_1040x760\kyle_singler__202713.png,downloaded,200.0,image/png
Kyrie Irving,kyrie irving,historical,2011,2011,1,exact_full_name,202681.0,Kyrie Irving,True,https://cdn.nba.com/headshots/nba/latest/1040x760/202681.png,C:\Users\jksut\Downloads\Fun Data Testing\rsci_nlp_package_staging\nlp_draft_bias_research\outputs_llm_enhanced\headshot_cache\nba_cdn_latest_1040x760\kyrie_irving__202681.png,downloaded,200.0,image/png
Malcolm Lee,malcolm lee,historical,2011,2011,1,exact_full_name,202723.0,Malcolm Lee,False,https://cdn.nba.com/headshots/nba/latest/1040x760/202723.png,C:\Users\jksut\Downloads\Fun Data Testing\rsci_nlp_package_staging\nlp_draft_bias_research\outputs_llm_enhanced\headshot_cache\nba_cdn_latest_1040x760\malcolm_lee__202723.png,downloaded,200.0,image/png
MarShon Brooks,marshon brooks,historical,2011,2011,1,exact_full_name,202705.0,MarShon Brooks,False,https://cdn.nba.com/headshots/nba/latest/1040x760/202705.png,C:\Users\jksut\Downloads\Fun Data Testing\rsci_nlp_package_staging\nlp_draft_bias_research\outputs_llm_enhanced\headshot_cache\nba_cdn_latest_1040x760\marshon_brooks__202705.png,downloaded,200.0,image/png
Marcus Morris Sr.,marcus morris,historical,2011,2011,1,exact_full_name,202694.0,Marcus Morris Sr.,False,https://cdn.nba.com/headshots/nba/latest/1040x760/202694.png,C:\Users\jksut\Downloads\Fun Data Testing\rsci_nlp_package_staging\nlp_draft_bias_research\outputs_llm_enhanced\headshot_cache\nba_cdn_latest_1040x760\marcus_morris_sr__202694.png,downloaded,200.0,image/png
Markieff Morris,markieff morris,historical,2011,2011,1,exact_full_name,202693.0,Markieff Morris,False,https://cdn.nba.com/headshots/nba/latest/1040x760/202693.png,C:\Users\jksut\Downloads\Fun Data Testing\rsci_nlp_package_staging\nlp_draft_bias_research\outputs_llm_enhanced\headshot_cache\nba_cdn_latest_1040x760\markieff_morris__202693.png,downloaded,200.0,image/png
Nikola Mirotic,nikola mirotic,historical,2011,2011,1,exact_full_name,202703.0,Nikola Mirotic,False,https://cdn.nba.com/headshots/nba/latest/1040x760/202703.png,C:\Users\jksut\Downloads\Fun Data Testing\rsci_nlp_package_staging\nlp_draft_bias_research\outputs_llm_enhanced\headshot_cache\nba_cdn_latest_1040x760\nikola_mirotic__202703.png,downloaded,200.0,image/png
Nikola Vučević,nikola vucevic,historical,2011,2011,1,exact_full_name,202696.0,Nikola Vučević,True,https://cdn.nba.com/headshots/nba/latest/1040x760/202696.png,C:\Users\jksut\Downloads\Fun Data Testing\rsci_nlp_package_staging\nlp_draft_bias_research\outputs_llm_enhanced\headshot_cache\nba_cdn_latest_1040x760\nikola_vucevic__202696.png,downloaded,200.0,image/png
Nolan Smith,nolan smith,historical,2011,2011,1,exact_full_name,202701.0,Nolan Smith,False,https://cdn.nba.com/headshots/nba/latest/1040x760/202701.png,C:\Users\jksut\Downloads\Fun Data Testing\rsci_nlp_package_staging\nlp_draft_bias_research\outputs_llm_enhanced\headshot_cache\nba_cdn_latest_1040x760\nolan_smith__202701.png,downloaded,200.0,image/png
Norris Cole,norris cole,historical,2011,2011,1,exact_full_name,202708.0,Norris Cole,False,https://cdn.nba.com/headshots/nba/latest/1040x760/202708.png,C:\Users\jksut\Downloads\Fun Data Testing\rsci_nlp_package_staging\nlp_draft_bias_research\outputs_llm_enhanced\headshot_cache\nba_cdn_latest_1040x760\norris_cole__202708.png,downloaded,200.0,image/png
Reggie Jackson,reggie jackson,historical,2011,2011,1,exact_full_name,202704.0,Reggie Jackson,False,https://cdn.nba.com/headshots/nba/latest/1040x760/202704.png,C:\Users\jksut\Downloads\Fun Data Testing\rsci_nlp_package_staging\nlp_draft_bias_research\outputs_llm_enhanced\headshot_cache\nba_cdn_latest_1040x760\reggie_jackson__202704.png,downloaded,200.0,image/png
Shelvin Mack,shelvin mack,historical,2011,2011,1,exact_full_name,202714.0,Shelvin Mack,False,https://cdn.nba.com/headshots/nba/latest/1040x760/202714.png,C:\Users\jksut\Downloads\Fun Data Testing\rsci_nlp_package_staging\nlp_draft_bias_research\outputs_llm_enhanced\headshot_cache\nba_cdn_latest_1040x760\shelvin_mack__202714.png,downloaded,200.0,image/png
Tobias Harris,tobias harris,historical,2011,2011,1,exact_full_name,202699.0,Tobias Harris,True,https://cdn.nba.com/headshots/nba/latest/1040x760/202699.png,C:\Users\jksut\Downloads\Fun Data Testing\rsci_nlp_package_staging\nlp_draft_bias_research\outputs_llm_enhanced\headshot_cache\nba_cdn_latest_1040x760\tobias_harris__202699.png,downloaded,200.0,image/png
Travis Leslie,travis leslie,historical,2011,2011,1,exact_full_name,202727.0,Travis Leslie,False,https://cdn.nba.com/headshots/nba/latest/1040x760/202727.png,C:\Users\jksut\Downloads\Fun Data Testing\rsci_nlp_package_staging\nlp_draft_bias_research\outputs_llm_enhanced\headshot_cache\nba_cdn_latest_1040x760\travis_leslie__202727.png,downloaded,200.0,image/png
Trey Thompkins,trey thompkins,historical,2011,2011,1,exact_full_name,202717.0,Trey Thompkins,False,https://cdn.nba.com/headshots/nba/latest/1040x760/202717.png,C:\Users\jksut\Downloads\Fun Data Testing\rsci_nlp_package_staging\nlp_draft_bias_research\outputs_llm_enhanced\headshot_cache\nba_cdn_latest_1040x760\trey_thompkins__202717.png,downloaded,200.0,image/png
Tristan Thompson,tristan thompson,historical,2011,2011,1,exact_full_name,202684.0,Tristan Thompson,False,https://cdn.nba.com/headshots/nba/latest/1040x760/202684.png,C:\Users\jksut\Downloads\Fun Data Testing\rsci_nlp_package_staging\nlp_draft_bias_research\outputs_llm_enhanced\headshot_cache\nba_cdn_latest_1040x760\tristan_thompson__202684.png,downloaded,200.0,image/png
Tyler Honeycutt,tyler honeycutt,historical,2011,2011,1,exact_full_name,202715.0,Tyler Honeycutt,False,https://cdn.nba.com/headshots/nba/latest/1040x760/202715.png,C:\Users\jksut\Downloads\Fun Data Testing\rsci_nlp_package_staging\nlp_draft_bias_research\outputs_llm_enhanced\headshot_cache\nba_cdn_latest_1040x760\tyler_honeycutt__202715.png,downloaded,200.0,image/png
Andre Drummond,andre drummond,historical,2012,2012,1,exact_full_name,203083.0,Andre Drummond,True,https://cdn.nba.com/headshots/nba/latest/1040x760/203083.png,C:\Users\jksut\Downloads\Fun Data Testing\rsci_nlp_package_staging\nlp_draft_bias_research\outputs_llm_enhanced\headshot_cache\nba_cdn_latest_1040x760\andre_drummond__203083.png,downloaded,200.0,image/png
Andrew Nicholson,andrew nicholson,historical,2012,2012,1,exact_full_name,203094.0,Andrew Nicholson,False,https://cdn.nba.com/headshots/nba/latest/1040x760/203094.png,C:\Users\jksut\Downloads\Fun Data Testing\rsci_nlp_package_staging\nlp_draft_bias_research\outputs_llm_enhanced\headshot_cache\nba_cdn_latest_1040x760\andrew_nicholson__203094.png,downloaded,200.0,image/png
Anthony Davis,anthony davis,historical,2012,2012,2,exact_full_name,203076.0,Anthony Davis,True,https://cdn.nba.com/headshots/nba/latest/1040x760/203076.png,C:\Users\jksut\Downloads\Fun Data Testing\rsci_nlp_package_staging\nlp_draft_bias_research\outputs_llm_enhanced\headshot_cache\nba_cdn_latest_1040x760\anthony_davis__203076.png,downloaded,200.0,image/png
Arnett Moultrie,arnett moultrie,historical,2012,2012,2,exact_full_name,203102.0,Arnett Moultrie,False,https://cdn.nba.com/headshots/nba/latest/1040x760/203102.png,C:\Users\jksut\Downloads\Fun Data Testing\rsci_nlp_package_staging\nlp_draft_bias_research\outputs_llm_enhanced\headshot_cache\nba_cdn_latest_1040x760\arnett_moultrie__203102.png,downloaded,200.0,image/png
Austin Rivers,austin rivers,historical,2012,2012,2,exact_full_name,203085.0,Austin Rivers,False,https://cdn.nba.com/headshots/nba/latest/1040x760/203085.png,C:\Users\jksut\Downloads\Fun Data Testing\rsci_nlp_package_staging\nlp_draft_bias_research\outputs_llm_enhanced\headshot_cache\nba_cdn_latest_1040x760\austin_rivers__203085.png,downloaded,200.0,image/png
Bradley Beal,bradley beal,historical,2012,2012,2,exact_full_name,203078.0,Bradley Beal,True,https://cdn.nba.com/headshots/nba/latest/1040x760/203078.png,C:\Users\jksut\Downloads\Fun Data Testing\rsci_nlp_package_staging\nlp_draft_bias_research\outputs_llm_enhanced\headshot_cache\nba_cdn_latest_1040x760\bradley_beal__203078.png,downloaded,200.0,image/png
Damian Lillard,damian lillard,historical,2012,2012,1,exact_full_name,203081.0,Damian Lillard,True,https://cdn.nba.com/headshots/nba/latest/1040x760/203081.png,C:\Users\jksut\Downloads\Fun Data Testing\rsci_nlp_package_staging\nlp_draft_bias_research\outputs_llm_enhanced\headshot_cache\nba_cdn_latest_1040x760\damian_lillard__203081.png,downloaded,200.0,image/png
Darius Miller,darius miller,historical,2012,2012,1,exact_full_name,203121.0,Darius Miller,False,https://cdn.nba.com/headshots/nba/latest/1040x760/203121.png,C:\Users\jksut\Downloads\Fun Data Testing\rsci_nlp_package_staging\nlp_draft_bias_research\outputs_llm_enhanced\headshot_cache\nba_cdn_latest_1040x760\darius_miller__203121.png,downloaded,200.0,image/png
Dion Waiters,dion waiters,historical,2012,2012,1,exact_full_name,203079.0,Dion Waiters,False,https://cdn.nba.com/headshots/nba/latest/1040x760/203079.png,C:\Users\jksut\Downloads\Fun Data Testing\rsci_nlp_package_staging\nlp_draft_bias_research\outputs_llm_enhanced\headshot_cache\nba_cdn_latest_1040x760\dion_waiters__203079.png,downloaded,200.0,image/png
Doron Lamb,doron lamb,historical,2012,2012,1,exact_full_name,203117.0,Doron Lamb,False,https://cdn.nba.com/headshots/nba/latest/1040x760/203117.png,C:\Users\jksut\Downloads\Fun Data Testing\rsci_nlp_package_staging\nlp_draft_bias_research\outputs_llm_enhanced\headshot_cache\nba_cdn_latest_1040x760\doron_lamb__203117.png,downloaded,200.0,image/png
Draymond Green,draymond green,historical,2012,2012,1,exact_full_name,203110.0,Draymond Green,True,https://cdn.nba.com/headshots/nba/latest/1040x760/203110.png,C:\Users\jksut\Downloads\Fun Data Testing\rsci_nlp_package_staging\nlp_draft_bias_research\outputs_llm_enhanced\headshot_cache\nba_cdn_latest_1040x760\draymond_green__203110.png,downloaded,200.0,image/png
Evan Fournier,evan fournier,historical,2012,2012,1,exact_full_name,203095.0,Evan Fournier,False,https://cdn.nba.com/headshots/nba/latest/1040x760/203095.png,C:\Users\jksut\Downloads\Fun Data Testing\rsci_nlp_package_staging\nlp_draft_bias_research\outputs_llm_enhanced\headshot_cache\nba_cdn_latest_1040x760\evan_fournier__203095.png,downloaded,200.0,image/png
Fab Melo,fab melo,historical,2012,2012,2,exact_full_name,203097.0,Fab Melo,False,https://cdn.nba.com/headshots/nba/latest/1040x760/203097.png,C:\Users\jksut\Downloads\Fun Data Testing\rsci_nlp_package_staging\nlp_draft_bias_research\outputs_llm_enhanced\headshot_cache\nba_cdn_latest_1040x760\fab_melo__203097.png,downloaded,200.0,image/png
Festus Ezeli,festus ezeli,historical,2012,2012,2,exact_full_name,203105.0,Festus Ezeli,False,https://cdn.nba.com/headshots/nba/latest/1040x760/203105.png,C:\Users\jksut\Downloads\Fun Data Testing\rsci_nlp_package_staging\nlp_draft_bias_research\outputs_llm_enhanced\headshot_cache\nba_cdn_latest_1040x760\festus_ezeli__203105.png,downloaded,200.0,image/png
Furkan Aldemir,furkan aldemir,historical,2012,2012,1,exact_full_name,203128.0,Furkan Aldemir,False,https://cdn.nba.com/headshots/nba/latest/1040x760/203128.png,C:\Users\jksut\Downloads\Fun Data Testing\rsci_nlp_package_staging\nlp_draft_bias_research\outputs_llm_enhanced\headshot_cache\nba_cdn_latest_1040x760\furkan_aldemir__203128.png,downloaded,200.0,image/png
Harrison Barnes,harrison barnes,historical,2012,2012,2,exact_full_name,203084.0,Harrison Barnes,True,https://cdn.nba.com/headshots/nba/latest/1040x760/203084.png,C:\Users\jksut\Downloads\Fun Data Testing\rsci_nlp_package_staging\nlp_draft_bias_research\outputs_llm_enhanced\headshot_cache\nba_cdn_latest_1040x760\harrison_barnes__203084.png,downloaded,200.0,image/png
Jared Cunningham,jared cunningham,historical,2012,2012,1,exact_full_name,203099.0,Jared Cunningham,False,https://cdn.nba.com/headshots/nba/latest/1040x760/203099.png,C:\Users\jksut\Downloads\Fun Data Testing\rsci_nlp_package_staging\nlp_draft_bias_research\outputs_llm_enhanced\headshot_cache\nba_cdn_latest_1040x760\jared_cunningham__203099.png,downloaded,200.0,image/png
Jared Sullinger,jared sullinger,historical,2012,2012,2,exact_full_name,203096.0,Jared Sullinger,False,https://cdn.nba.com/headshots/nba/latest/1040x760/203096.png,C:\Users\jksut\Downloads\Fun Data Testing\rsci_nlp_package_staging\nlp_draft_bias_research\outputs_llm_enhanced\headshot_cache\nba_cdn_latest_1040x760\jared_sullinger__203096.png,downloaded,200.0,image/png
Jeffery Taylor,jeffery taylor,historical,2012,2012,1,exact_full_name,203106.0,Jeffery Taylor,False,https://cdn.nba.com/headshots/nba/latest/1040x760/203106.png,C:\Users\jksut\Downloads\Fun Data Testing\rsci_nlp_package_staging\nlp_draft_bias_research\outputs_llm_enhanced\headshot_cache\nba_cdn_latest_1040x760\jeffery_taylor__203106.png,downloaded,200.0,image/png
Jeremy Lamb,jeremy lamb,historical,2012,2012,2,exact_full_name,203087.0,Jeremy Lamb,False,https://cdn.nba.com/headshots/nba/latest/1040x760/203087.png,C:\Users\jksut\Downloads\Fun Data Testing\rsci_nlp_package_staging\nlp_draft_bias_research\outputs_llm_enhanced\headshot_cache\nba_cdn_latest_1040x760\jeremy_lamb__203087.png,downloaded,200.0,image/png
John Henson,john henson,historical,2012,2012,2,exact_full_name,203089.0,John Henson,False,https://cdn.nba.com/headshots/nba/latest/1040x760/203089.png,C:\Users\jksut\Downloads\Fun Data Testing\rsci_nlp_package_staging\nlp_draft_bias_research\outputs_llm_enhanced\headshot_cache\nba_cdn_latest_1040x760\john_henson__203089.png,downloaded,200.0,image/png
John Jenkins,john jenkins,historical,2012,2012,1,exact_full_name,203098.0,John Jenkins,False,https://cdn.nba.com/headshots/nba/latest/1040x760/203098.png,C:\Users\jksut\Downloads\Fun Data Testing\rsci_nlp_package_staging\nlp_draft_bias_research\outputs_llm_enhanced\headshot_cache\nba_cdn_latest_1040x760\john_jenkins__203098.png,downloaded,200.0,image/png
Justin Hamilton,justin hamilton,historical,2012,2012,1,exact_full_name,203120.0,Justin Hamilton,False,https://cdn.nba.com/headshots/nba/latest/1040x760/203120.png,C:\Users\jksut\Downloads\Fun Data Testing\rsci_nlp_package_staging\nlp_draft_bias_research\outputs_llm_enhanced\headshot_cache\nba_cdn_latest_1040x760\justin_hamilton__203120.png,downloaded,200.0,image/png
Kendall Marshall,kendall marshall,historical,2012,2012,1,exact_full_name,203088.0,Kendall Marshall,False,https://cdn.nba.com/headshots/nba/latest/1040x760/203088.png,C:\Users\jksut\Downloads\Fun Data Testing\rsci_nlp_package_staging\nlp_draft_bias_research\outputs_llm_enhanced\headshot_cache\nba_cdn_latest_1040x760\kendall_marshall__203088.png,downloaded,200.0,image/png
Kevin Murphy,kevin murphy,historical,2012,2012,1,exact_full_name,203122.0,Kevin Murphy,False,https://cdn.nba.com/headshots/nba/latest/1040x760/203122.png,C:\Users\jksut\Downloads\Fun Data Testing\rsci_nlp_package_staging\nlp_draft_bias_research\outputs_llm_enhanced\headshot_cache\nba_cdn_latest_1040x760\kevin_murphy__203122.png,downloaded,200.0,image/png
Khris Middleton,khris middleton,historical,2012,2012,1,exact_full_name,203114.0,Khris Middleton,True,https://cdn.nba.com/headshots/nba/latest/1040x760/203114.png,C:\Users\jksut\Downloads\Fun Data Testing\rsci_nlp_package_staging\nlp_draft_bias_research\outputs_llm_enhanced\headshot_cache\nba_cdn_latest_1040x760\khris_middleton__203114.png,downloaded,200.0,image/png
Kim English,kim english,historical,2012,2012,1,exact_full_name,203119.0,Kim English,False,https://cdn.nba.com/headshots/nba/latest/1040x760/203119.png,C:\Users\jksut\Downloads\Fun Data Testing\rsci_nlp_package_staging\nlp_draft_bias_research\outputs_llm_enhanced\headshot_cache\nba_cdn_latest_1040x760\kim_english__203119.png,downloaded,200.0,image/png
Kris Joseph,kris joseph,historical,2012,2012,1,exact_full_name,203126.0,Kris Joseph,False,https://cdn.nba.com/headshots/nba/latest/1040x760/203126.png,C:\Users\jksut\Downloads\Fun Data Testing\rsci_nlp_package_staging\nlp_draft_bias_research\outputs_llm_enhanced\headshot_cache\nba_cdn_latest_1040x760\kris_joseph__203126.png,downloaded,200.0,image/png
Marquis Teague,marquis teague,historical,2012,2012,2,exact_full_name,203104.0,Marquis Teague,False,https://cdn.nba.com/headshots/nba/latest/1040x760/203104.png,C:\Users\jksut\Downloads\Fun Data Testing\rsci_nlp_package_staging\nlp_draft_bias_research\outputs_llm_enhanced\headshot_cache\nba_cdn_latest_1040x760\marquis_teague__203104.png,downloaded,200.0,image/png
Meyers Leonard,meyers leonard,historical,2012,2012,2,exact_full_name,203086.0,Meyers Leonard,False,https://cdn.nba.com/headshots/nba/latest/1040x760/203086.png,C:\Users\jksut\Downloads\Fun Data Testing\rsci_nlp_package_staging\nlp_draft_bias_research\outputs_llm_enhanced\headshot_cache\nba_cdn_latest_1040x760\meyers_leonard__203086.png,downloaded,200.0,image/png
Michael Kidd-Gilchrist,michael kidd gilchrist,historical,2012,2012,1,exact_full_name,203077.0,Michael Kidd-Gilchrist,False,https://cdn.nba.com/headshots/nba/latest/1040x760/203077.png,C:\Users\jksut\Downloads\Fun Data Testing\rsci_nlp_package_staging\nlp_draft_bias_research\outputs_llm_enhanced\headshot_cache\nba_cdn_latest_1040x760\michael_kidd_gilchrist__203077.png,downloaded,200.0,image/png
Mike Scott,mike scott,historical,2012,2012,1,exact_full_name,203118.0,Mike Scott,False,https://cdn.nba.com/headshots/nba/latest/1040x760/203118.png,C:\Users\jksut\Downloads\Fun Data Testing\rsci_nlp_package_staging\nlp_draft_bias_research\outputs_llm_enhanced\headshot_cache\nba_cdn_latest_1040x760\mike_scott__203118.png,downloaded,200.0,image/png
Miles Plumlee,miles plumlee,historical,2012,2012,1,exact_full_name,203101.0,Miles Plumlee,False,https://cdn.nba.com/headshots/nba/latest/1040x760/203101.png,C:\Users\jksut\Downloads\Fun Data Testing\rsci_nlp_package_staging\nlp_draft_bias_research\outputs_llm_enhanced\headshot_cache\nba_cdn_latest_1040x760\miles_plumlee__203101.png,downloaded,200.0,image/png
Perry Jones III,perry jones,historical,2012,2012,2,exact_full_name,203103.0,Perry Jones III,False,https://cdn.nba.com/headshots/nba/latest/1040x760/203103.png,C:\Users\jksut\Downloads\Fun Data Testing\rsci_nlp_package_staging\nlp_draft_bias_research\outputs_llm_enhanced\headshot_cache\nba_cdn_latest_1040x760\perry_jones_iii__203103.png,downloaded,200.0,image/png
Quincy Acy,quincy acy,historical,2012,2012,1,exact_full_name,203112.0,Quincy Acy,False,https://cdn.nba.com/headshots/nba/latest/1040x760/203112.png,C:\Users\jksut\Downloads\Fun Data Testing\rsci_nlp_package_staging\nlp_draft_bias_research\outputs_llm_enhanced\headshot_cache\nba_cdn_latest_1040x760\quincy_acy__203112.png,downloaded,200.0,image/png
Quincy Miller,quincy miller,historical,2012,2012,2,exact_full_name,203113.0,Quincy Miller,False,https://cdn.nba.com/headshots/nba/latest/1040x760/203113.png,C:\Users\jksut\Downloads\Fun Data Testing\rsci_nlp_package_staging\nlp_draft_bias_research\outputs_llm_enhanced\headshot_cache\nba_cdn_latest_1040x760\quincy_miller__203113.png,downloaded,200.0,image/png
Robert Sacre,robert sacre,historical,2012,2012,1,exact_full_name,203135.0,Robert Sacre,False,https://cdn.nba.com/headshots/nba/latest/1040x760/203135.png,C:\Users\jksut\Downloads\Fun Data Testing\rsci_nlp_package_staging\nlp_draft_bias_research\outputs_llm_enhanced\headshot_cache\nba_cdn_latest_1040x760\robert_sacre__203135.png,downloaded,200.0,image/png
Royce White,royce white,historical,2012,2012,1,exact_full_name,203091.0,Royce White,False,https://cdn.nba.com/headshots/nba/latest/1040x760/203091.png,C:\Users\jksut\Downloads\Fun Data Testing\rsci_nlp_package_staging\nlp_draft_bias_research\outputs_llm_enhanced\headshot_cache\nba_cdn_latest_1040x760\royce_white__203091.png,downloaded,200.0,image/png
Terrence Jones,terrence jones,historical,2012,2012,2,exact_full_name,203093.0,Terrence Jones,False,https://cdn.nba.com/headshots/nba/latest/1040x760/203093.png,C:\Users\jksut\Downloads\Fun Data Testing\rsci_nlp_package_staging\nlp_draft_bias_research\outputs_llm_enhanced\headshot_cache\nba_cdn_latest_1040x760\terrence_jones__203093.png,downloaded,200.0,image/png
Terrence Ross,terrence ross,historical,2012,2012,1,exact_full_name,203082.0,Terrence Ross,False,https://cdn.nba.com/headshots/nba/latest/1040x760/203082.png,C:\Users\jksut\Downloads\Fun Data Testing\rsci_nlp_package_staging\nlp_draft_bias_research\outputs_llm_enhanced\headshot_cache\nba_cdn_latest_1040x760\terrence_ross__203082.png,downloaded,200.0,image/png
Thomas Robinson,thomas robinson,historical,2012,2012,1,exact_full_name,203080.0,Thomas Robinson,False,https://cdn.nba.com/headshots/nba/latest/1040x760/203080.png,C:\Users\jksut\Downloads\Fun Data Testing\rsci_nlp_package_staging\nlp_draft_bias_research\outputs_llm_enhanced\headshot_cache\nba_cdn_latest_1040x760\thomas_robinson__203080.png,downloaded,200.0,image/png
Tomas Satoransky,tomas satoransky,historical,2012,2012,1,exact_full_name,203107.0,Tomas Satoransky,False,https://cdn.nba.com/headshots/nba/latest/1040x760/203107.png,C:\Users\jksut\Downloads\Fun Data Testing\rsci_nlp_package_staging\nlp_draft_bias_research\outputs_llm_enhanced\headshot_cache\nba_cdn_latest_1040x760\tomas_satoransky__203107.png,downloaded,200.0,image/png
Tony Wroten,tony wroten,historical,2012,2012,2,exact_full_name,203100.0,Tony Wroten,False,https://cdn.nba.com/headshots/nba/latest/1040x760/203100.png,C:\Users\jksut\Downloads\Fun Data Testing\rsci_nlp_package_staging\nlp_draft_bias_research\outputs_llm_enhanced\headshot_cache\nba_cdn_latest_1040x760\tony_wroten__203100.png,downloaded,200.0,image/png
Tornike Shengelia,tornike shengelia,historical,2012,2012,1,exact_full_name,203129.0,Tornike Shengelia,False,https://cdn.nba.com/headshots/nba/latest/1040x760/203129.png,C:\Users\jksut\Downloads\Fun Data Testing\rsci_nlp_package_staging\nlp_draft_bias_research\outputs_llm_enhanced\headshot_cache\nba_cdn_latest_1040x760\tornike_shengelia__203129.png,downloaded,200.0,image/png
Tyler Zeller,tyler zeller,historical,2012,2012,1,exact_full_name,203092.0,Tyler Zeller,False,https://cdn.nba.com/headshots/nba/latest/1040x760/203092.png,C:\Users\jksut\Downloads\Fun Data Testing\rsci_nlp_package_staging\nlp_draft_bias_research\outputs_llm_enhanced\headshot_cache\nba_cdn_latest_1040x760\tyler_zeller__203092.png,downloaded,200.0,image/png
Tyshawn Taylor,tyshawn taylor,historical,2012,2012,1,exact_full_name,203116.0,Tyshawn Taylor,False,https://cdn.nba.com/headshots/nba/latest/1040x760/203116.png,C:\Users\jksut\Downloads\Fun Data Testing\rsci_nlp_package_staging\nlp_draft_bias_research\outputs_llm_enhanced\headshot_cache\nba_cdn_latest_1040x760\tyshawn_taylor__203116.png,downloaded,200.0,image/png
Will Barton,will barton,historical,2012,2012,2,exact_full_name,203115.0,Will Barton,False,https://cdn.nba.com/headshots/nba/latest/1040x760/203115.png,C:\Users\jksut\Downloads\Fun Data Testing\rsci_nlp_package_staging\nlp_draft_bias_research\outputs_llm_enhanced\headshot_cache\nba_cdn_latest_1040x760\will_barton__203115.png,downloaded,200.0,image/png
Alex Abrines,alex abrines,historical,2013,2013,1,exact_full_name,203518.0,Alex Abrines,False,https://cdn.nba.com/headshots/nba/latest/1040x760/203518.png,C:\Users\jksut\Downloads\Fun Data Testing\rsci_nlp_package_staging\nlp_draft_bias_research\outputs_llm_enhanced\headshot_cache\nba_cdn_latest_1040x760\alex_abrines__203518.png,downloaded,200.0,image/png
Alex Len,alex len,historical,2013,2013,1,exact_full_name,203458.0,Alex Len,False,https://cdn.nba.com/headshots/nba/latest/1040x760/203458.png,C:\Users\jksut\Downloads\Fun Data Testing\rsci_nlp_package_staging\nlp_draft_bias_research\outputs_llm_enhanced\headshot_cache\nba_cdn_latest_1040x760\alex_len__203458.png,downloaded,200.0,image/png
Allen Crabbe,allen crabbe,historical,2013,2013,1,exact_full_name,203459.0,Allen Crabbe,False,https://cdn.nba.com/headshots/nba/latest/1040x760/203459.png,C:\Users\jksut\Downloads\Fun Data Testing\rsci_nlp_package_staging\nlp_draft_bias_research\outputs_llm_enhanced\headshot_cache\nba_cdn_latest_1040x760\allen_crabbe__203459.png,downloaded,200.0,image/png
Anthony Bennett,anthony bennett,historical,2013,2013,1,exact_full_name,203461.0,Anthony Bennett,False,https://cdn.nba.com/headshots/nba/latest/1040x760/203461.png,C:\Users\jksut\Downloads\Fun Data Testing\rsci_nlp_package_staging\nlp_draft_bias_research\outputs_llm_enhanced\headshot_cache\nba_cdn_latest_1040x760\anthony_bennett__203461.png,downloaded,200.0,image/png
Archie Goodwin,archie goodwin,historical,2013,2013,1,exact_full_name,203462.0,Archie Goodwin,False,https://cdn.nba.com/headshots/nba/latest/1040x760/203462.png,C:\Users\jksut\Downloads\Fun Data Testing\rsci_nlp_package_staging\nlp_draft_bias_research\outputs_llm_enhanced\headshot_cache\nba_cdn_latest_1040x760\archie_goodwin__203462.png,downloaded,200.0,image/png
Ben McLemore,ben mclemore,historical,2013,2013,1,exact_full_name,203463.0,Ben McLemore,False,https://cdn.nba.com/headshots/nba/latest/1040x760/203463.png,C:\Users\jksut\Downloads\Fun Data Testing\rsci_nlp_package_staging\nlp_draft_bias_research\outputs_llm_enhanced\headshot_cache\nba_cdn_latest_1040x760\ben_mclemore__203463.png,downloaded,200.0,image/png
Bojan Dubljevic,bojan dubljevic,historical,2013,2013,1,unmatched,,,,,,unmatched,,
CJ McCollum,cj mccollum,historical,2013,2013,1,exact_full_name,203468.0,CJ McCollum,True,https://cdn.nba.com/headshots/nba/latest/1040x760/203468.png,C:\Users\jksut\Downloads\Fun Data Testing\rsci_nlp_package_staging\nlp_draft_bias_research\outputs_llm_enhanced\headshot_cache\nba_cdn_latest_1040x760\cj_mccollum__203468.png,downloaded,200.0,image/png
Carrick Felix,carrick felix,historical,2013,2013,1,exact_full_name,203467.0,Carrick Felix,False,https://cdn.nba.com/headshots/nba/latest/1040x760/203467.png,C:\Users\jksut\Downloads\Fun Data Testing\rsci_nlp_package_staging\nlp_draft_bias_research\outputs_llm_enhanced\headshot_cache\nba_cdn_latest_1040x760\carrick_felix__203467.png,downloaded,200.0,image/png
Cody Zeller,cody zeller,historical,2013,2013,1,exact_full_name,203469.0,Cody Zeller,False,https://cdn.nba.com/headshots/nba/latest/1040x760/203469.png,C:\Users\jksut\Downloads\Fun Data Testing\rsci_nlp_package_staging\nlp_draft_bias_research\outputs_llm_enhanced\headshot_cache\nba_cdn_latest_1040x760\cody_zeller__203469.png,downloaded,200.0,image/png
Dennis Schröder,dennis schroder,historical,2013,2013,1,exact_full_name,203471.0,Dennis Schröder,True,https://cdn.nba.com/headshots/nba/latest/1040x760/203471.png,C:\Users\jksut\Downloads\Fun Data Testing\rsci_nlp_package_staging\nlp_draft_bias_research\outputs_llm_enhanced\headshot_cache\nba_cdn_latest_1040x760\dennis_schroder__203471.png,downloaded,200.0,image/png
Deshaun Thomas,deshaun thomas,historical,2013,2013,1,unmatched,,,,,,unmatched,,
Erick Green,erick green,historical,2013,2013,1,exact_full_name,203475.0,Erick Green,False,https://cdn.nba.com/headshots/nba/latest/1040x760/203475.png,C:\Users\jksut\Downloads\Fun Data Testing\rsci_nlp_package_staging\nlp_draft_bias_research\outputs_llm_enhanced\headshot_cache\nba_cdn_latest_1040x760\erick_green__203475.png,downloaded,200.0,image/png
Erik Murphy,erik murphy,historical,2013,2013,1,exact_full_name,203513.0,Erik Murphy,False,https://cdn.nba.com/headshots/nba/latest/1040x760/203513.png,C:\Users\jksut\Downloads\Fun Data Testing\rsci_nlp_package_staging\nlp_draft_bias_research\outputs_llm_enhanced\headshot_cache\nba_cdn_latest_1040x760\erik_murphy__203513.png,downloaded,200.0,image/png
Glen Rice,glen rice,historical,2013,2013,1,exact_full_name,779.0,Glen Rice,False,https://cdn.nba.com/headshots/nba/latest/1040x760/779.png,C:\Users\jksut\Downloads\Fun Data Testing\rsci_nlp_package_staging\nlp_draft_bias_research\outputs_llm_enhanced\headshot_cache\nba_cdn_latest_1040x760\glen_rice__779.png,downloaded,200.0,image/png
Gorgui Dieng,gorgui dieng,historical,2013,2013,1,exact_full_name,203476.0,Gorgui Dieng,False,https://cdn.nba.com/headshots/nba/latest/1040x760/203476.png,C:\Users\jksut\Downloads\Fun Data Testing\rsci_nlp_package_staging\nlp_draft_bias_research\outputs_llm_enhanced\headshot_cache\nba_cdn_latest_1040x760\gorgui_dieng__203476.png,downloaded,200.0,image/png
Grant Jerrett,grant jerrett,historical,2013,2013,1,exact_full_name,203511.0,Grant Jerrett,False,https://cdn.nba.com/headshots/nba/latest/1040x760/203511.png,C:\Users\jksut\Downloads\Fun Data Testing\rsci_nlp_package_staging\nlp_draft_bias_research\outputs_llm_enhanced\headshot_cache\nba_cdn_latest_1040x760\grant_jerrett__203511.png,downloaded,200.0,image/png
Isaiah Canaan,isaiah canaan,historical,2013,2013,1,exact_full_name,203477.0,Isaiah Canaan,False,https://cdn.nba.com/headshots/nba/latest/1040x760/203477.png,C:\Users\jksut\Downloads\Fun Data Testing\rsci_nlp_package_staging\nlp_draft_bias_research\outputs_llm_enhanced\headshot_cache\nba_cdn_latest_1040x760\isaiah_canaan__203477.png,downloaded,200.0,image/png
Jamaal Franklin,jamaal franklin,historical,2013,2013,1,exact_full_name,203479.0,Jamaal Franklin,False,https://cdn.nba.com/headshots/nba/latest/1040x760/203479.png,C:\Users\jksut\Downloads\Fun Data Testing\rsci_nlp_package_staging\nlp_draft_bias_research\outputs_llm_enhanced\headshot_cache\nba_cdn_latest_1040x760\jamaal_franklin__203479.png,downloaded,200.0,image/png
James Ennis III,james ennis,historical,2013,2013,1,exact_full_name,203516.0,James Ennis III,False,https://cdn.nba.com/headshots/nba/latest/1040x760/203516.png,C:\Users\jksut\Downloads\Fun Data Testing\rsci_nlp_package_staging\nlp_draft_bias_research\outputs_llm_enhanced\headshot_cache\nba_cdn_latest_1040x760\james_ennis_iii__203516.png,downloaded,200.0,image/png
Janis Timma,janis timma,historical,2013,2013,1,unmatched,,,,,,unmatched,,
Jeff Withey,jeff withey,historical,2013,2013,1,exact_full_name,203481.0,Jeff Withey,False,https://cdn.nba.com/headshots/nba/latest/1040x760/203481.png,C:\Users\jksut\Downloads\Fun Data Testing\rsci_nlp_package_staging\nlp_draft_bias_research\outputs_llm_enhanced\headshot_cache\nba_cdn_latest_1040x760\jeff_withey__203481.png,downloaded,200.0,image/png
Kelly Olynyk,kelly olynyk,historical,2013,2013,1,exact_full_name,203482.0,Kelly Olynyk,True,https://cdn.nba.com/headshots/nba/latest/1040x760/203482.png,C:\Users\jksut\Downloads\Fun Data Testing\rsci_nlp_package_staging\nlp_draft_bias_research\outputs_llm_enhanced\headshot_cache\nba_cdn_latest_1040x760\kelly_olynyk__203482.png,downloaded,200.0,image/png
Livio Jean-Charles,livio jean charles,historical,2013,2013,1,unmatched,,,,,,unmatched,,
Lorenzo Brown,lorenzo brown,historical,2013,2013,1,exact_full_name,203485.0,Lorenzo Brown,False,https://cdn.nba.com/headshots/nba/latest/1040x760/203485.png,C:\Users\jksut\Downloads\Fun Data Testing\rsci_nlp_package_staging\nlp_draft_bias_research\outputs_llm_enhanced\headshot_cache\nba_cdn_latest_1040x760\lorenzo_brown__203485.png,downloaded,200.0,image/png
Lucas Nogueira,lucas nogueira,historical,2013,2013,1,exact_full_name,203512.0,Lucas Nogueira,False,https://cdn.nba.com/headshots/nba/latest/1040x760/203512.png,C:\Users\jksut\Downloads\Fun Data Testing\rsci_nlp_package_staging\nlp_draft_bias_research\outputs_llm_enhanced\headshot_cache\nba_cdn_latest_1040x760\lucas_nogueira__203512.png,downloaded,200.0,image/png
Mason Plumlee,mason plumlee,historical,2013,2013,1,exact_full_name,203486.0,Mason Plumlee,True,https://cdn.nba.com/headshots/nba/latest/1040x760/203486.png,C:\Users\jksut\Downloads\Fun Data Testing\rsci_nlp_package_staging\nlp_draft_bias_research\outputs_llm_enhanced\headshot_cache\nba_cdn_latest_1040x760\mason_plumlee__203486.png,downloaded,200.0,image/png
Mike Muscala,mike muscala,historical,2013,2013,1,exact_full_name,203488.0,Mike Muscala,False,https://cdn.nba.com/headshots/nba/latest/1040x760/203488.png,C:\Users\jksut\Downloads\Fun Data Testing\rsci_nlp_package_staging\nlp_draft_bias_research\outputs_llm_enhanced\headshot_cache\nba_cdn_latest_1040x760\mike_muscala__203488.png,downloaded,200.0,image/png
Nate Wolters,nate wolters,historical,2013,2013,1,exact_full_name,203489.0,Nate Wolters,False,https://cdn.nba.com/headshots/nba/latest/1040x760/203489.png,C:\Users\jksut\Downloads\Fun Data Testing\rsci_nlp_package_staging\nlp_draft_bias_research\outputs_llm_enhanced\headshot_cache\nba_cdn_latest_1040x760\nate_wolters__203489.png,downloaded,200.0,image/png
Nemanja Nedovic,nemanja nedovic,historical,2013,2013,1,exact_full_name,203517.0,Nemanja Nedovic,False,https://cdn.nba.com/headshots/nba/latest/1040x760/203517.png,C:\Users\jksut\Downloads\Fun Data Testing\rsci_nlp_package_staging\nlp_draft_bias_research\outputs_llm_enhanced\headshot_cache\nba_cdn_latest_1040x760\nemanja_nedovic__203517.png,downloaded,200.0,image/png
Nerlens Noel,nerlens noel,historical,2013,2013,1,exact_full_name,203457.0,Nerlens Noel,False,https://cdn.nba.com/headshots/nba/latest/1040x760/203457.png,C:\Users\jksut\Downloads\Fun Data Testing\rsci_nlp_package_staging\nlp_draft_bias_research\outputs_llm_enhanced\headshot_cache\nba_cdn_latest_1040x760\nerlens_noel__203457.png,downloaded,200.0,image/png
Otto Porter Jr.,otto porter,historical,2013,2013,1,exact_full_name,203490.0,Otto Porter Jr.,False,https://cdn.nba.com/headshots/nba/latest/1040x760/203490.png,C:\Users\jksut\Downloads\Fun Data Testing\rsci_nlp_package_staging\nlp_draft_bias_research\outputs_llm_enhanced\headshot_cache\nba_cdn_latest_1040x760\otto_porter_jr__203490.png,downloaded,200.0,image/png
Peyton Siva,peyton siva,historical,2013,2013,1,exact_full_name,203491.0,Peyton Siva,False,https://cdn.nba.com/headshots/nba/latest/1040x760/203491.png,C:\Users\jksut\Downloads\Fun Data Testing\rsci_nlp_package_staging\nlp_draft_bias_research\outputs_llm_enhanced\headshot_cache\nba_cdn_latest_1040x760\peyton_siva__203491.png,downloaded,200.0,image/png
Pierre Jackson,pierre jackson,historical,2013,2013,1,exact_full_name,203510.0,Pierre Jackson,False,https://cdn.nba.com/headshots/nba/latest/1040x760/203510.png,C:\Users\jksut\Downloads\Fun Data Testing\rsci_nlp_package_staging\nlp_draft_bias_research\outputs_llm_enhanced\headshot_cache\nba_cdn_latest_1040x760\pierre_jackson__203510.png,downloaded,200.0,image/png
Ray McCallum,ray mccallum,historical,2013,2013,1,exact_full_name,203492.0,Ray McCallum,False,https://cdn.nba.com/headshots/nba/latest/1040x760/203492.png,C:\Users\jksut\Downloads\Fun Data Testing\rsci_nlp_package_staging\nlp_draft_bias_research\outputs_llm_enhanced\headshot_cache\nba_cdn_latest_1040x760\ray_mccallum__203492.png,downloaded,200.0,image/png
Reggie Bullock Jr.,reggie bullock,historical,2013,2013,1,exact_full_name,203493.0,Reggie Bullock Jr.,False,https://cdn.nba.com/headshots/nba/latest/1040x760/203493.png,C:\Users\jksut\Downloads\Fun Data Testing\rsci_nlp_package_staging\nlp_draft_bias_research\outputs_llm_enhanced\headshot_cache\nba_cdn_latest_1040x760\reggie_bullock_jr__203493.png,downloaded,200.0,image/png
Rudy Gobert,rudy gobert,historical,2013,2013,1,exact_full_name,203497.0,Rudy Gobert,True,https://cdn.nba.com/headshots/nba/latest/1040x760/203497.png,C:\Users\jksut\Downloads\Fun Data Testing\rsci_nlp_package_staging\nlp_draft_bias_research\outputs_llm_enhanced\headshot_cache\nba_cdn_latest_1040x760\rudy_gobert__203497.png,downloaded,200.0,image/png
Ryan Kelly,ryan kelly,historical,2013,2013,1,exact_full_name,203527.0,Ryan Kelly,False,https://cdn.nba.com/headshots/nba/latest/1040x760/203527.png,C:\Users\jksut\Downloads\Fun Data Testing\rsci_nlp_package_staging\nlp_draft_bias_research\outputs_llm_enhanced\headshot_cache\nba_cdn_latest_1040x760\ryan_kelly__203527.png,downloaded,200.0,image/png
Sergey Karasev,sergey karasev,historical,2013,2013,1,exact_full_name,203508.0,Sergey Karasev,False,https://cdn.nba.com/headshots/nba/latest/1040x760/203508.png,C:\Users\jksut\Downloads\Fun Data Testing\rsci_nlp_package_staging\nlp_draft_bias_research\outputs_llm_enhanced\headshot_cache\nba_cdn_latest_1040x760\sergey_karasev__203508.png,downloaded,200.0,image/png
Shabazz Muhammad,shabazz muhammad,historical,2013,2013,1,exact_full_name,203498.0,Shabazz Muhammad,False,https://cdn.nba.com/headshots/nba/latest/1040x760/203498.png,C:\Users\jksut\Downloads\Fun Data Testing\rsci_nlp_package_staging\nlp_draft_bias_research\outputs_llm_enhanced\headshot_cache\nba_cdn_latest_1040x760\shabazz_muhammad__203498.png,downloaded,200.0,image/png
Shane Larkin,shane larkin,historical,2013,2013,1,exact_full_name,203499.0,Shane Larkin,False,https://cdn.nba.com/headshots/nba/latest/1040x760/203499.png,C:\Users\jksut\Downloads\Fun Data Testing\rsci_nlp_package_staging\nlp_draft_bias_research\outputs_llm_enhanced\headshot_cache\nba_cdn_latest_1040x760\shane_larkin__203499.png,downloaded,200.0,image/png
Steven Adams,steven adams,historical,2013,2013,1,exact_full_name,203500.0,Steven Adams,True,https://cdn.nba.com/headshots/nba/latest/1040x760/203500.png,C:\Users\jksut\Downloads\Fun Data Testing\rsci_nlp_package_staging\nlp_draft_bias_research\outputs_llm_enhanced\headshot_cache\nba_cdn_latest_1040x760\steven_adams__203500.png,downloaded,200.0,image/png
Tim Hardaway Jr.,tim hardaway,historical,2013,2013,1,exact_full_name,203501.0,Tim Hardaway Jr.,True,https://cdn.nba.com/headshots/nba/latest/1040x760/203501.png,C:\Users\jksut\Downloads\Fun Data Testing\rsci_nlp_package_staging\nlp_draft_bias_research\outputs_llm_enhanced\headshot_cache\nba_cdn_latest_1040x760\tim_hardaway_jr__203501.png,downloaded,200.0,image/png
Tony Mitchell,tony mitchell,historical,2013,2013,1,exact_full_name,203183.0,Tony Mitchell,False,https://cdn.nba.com/headshots/nba/latest/1040x760/203183.png,C:\Users\jksut\Downloads\Fun Data Testing\rsci_nlp_package_staging\nlp_draft_bias_research\outputs_llm_enhanced\headshot_cache\nba_cdn_latest_1040x760\tony_mitchell__203183.png,downloaded,200.0,image/png
Tony Snell,tony snell,historical,2013,2013,1,exact_full_name,203503.0,Tony Snell,False,https://cdn.nba.com/headshots/nba/latest/1040x760/203503.png,C:\Users\jksut\Downloads\Fun Data Testing\rsci_nlp_package_staging\nlp_draft_bias_research\outputs_llm_enhanced\headshot_cache\nba_cdn_latest_1040x760\tony_snell__203503.png,downloaded,200.0,image/png
Trey Burke,trey burke,historical,2013,2013,1,exact_full_name,203504.0,Trey Burke,False,https://cdn.nba.com/headshots/nba/latest/1040x760/203504.png,C:\Users\jksut\Downloads\Fun Data Testing\rsci_nlp_package_staging\nlp_draft_bias_research\outputs_llm_enhanced\headshot_cache\nba_cdn_latest_1040x760\trey_burke__203504.png,downloaded,200.0,image/png
Victor Oladipo,victor oladipo,historical,2013,2013,1,exact_full_name,203506.0,Victor Oladipo,False,https://cdn.nba.com/headshots/nba/latest/1040x760/203506.png,C:\Users\jksut\Downloads\Fun Data Testing\rsci_nlp_package_staging\nlp_draft_bias_research\outputs_llm_enhanced\headshot_cache\nba_cdn_latest_1040x760\victor_oladipo__203506.png,downloaded,200.0,image/png
Aaron Gordon,aaron gordon,historical,2014,2014,1,exact_full_name,203932.0,Aaron Gordon,True,https://cdn.nba.com/headshots/nba/latest/1040x760/203932.png,C:\Users\jksut\Downloads\Fun Data Testing\rsci_nlp_package_staging\nlp_draft_bias_research\outputs_llm_enhanced\headshot_cache\nba_cdn_latest_1040x760\aaron_gordon__203932.png,downloaded,200.0,image/png
Adreian Payne,adreian payne,historical,2014,2014,1,exact_full_name,203940.0,Adreian Payne,False,https://cdn.nba.com/headshots/nba/latest/1040x760/203940.png,C:\Users\jksut\Downloads\Fun Data Testing\rsci_nlp_package_staging\nlp_draft_bias_research\outputs_llm_enhanced\headshot_cache\nba_cdn_latest_1040x760\adreian_payne__203940.png,downloaded,200.0,image/png
Alec Brown,alec brown,historical,2014,2014,1,unmatched,,,,,,unmatched,,
Alessandro Gentile,alessandro gentile,historical,2014,2014,1,unmatched,,,,,,unmatched,,
Andrew Wiggins,andrew wiggins,historical,2014,2014,1,exact_full_name,203952.0,Andrew Wiggins,True,https://cdn.nba.com/headshots/nba/latest/1040x760/203952.png,C:\Users\jksut\Downloads\Fun Data Testing\rsci_nlp_package_staging\nlp_draft_bias_research\outputs_llm_enhanced\headshot_cache\nba_cdn_latest_1040x760\andrew_wiggins__203952.png,downloaded,200.0,image/png
Bogdan Bogdanović,bogdan bogdanovic,historical,2014,2014,1,exact_full_name,203992.0,Bogdan Bogdanović,True,https://cdn.nba.com/headshots/nba/latest/1040x760/203992.png,C:\Users\jksut\Downloads\Fun Data Testing\rsci_nlp_package_staging\nlp_draft_bias_research\outputs_llm_enhanced\headshot_cache\nba_cdn_latest_1040x760\bogdan_bogdanovic__203992.png,downloaded,200.0,image/png
Cameron Bairstow,cameron bairstow,historical,2014,2014,1,exact_full_name,203946.0,Cameron Bairstow,False,https://cdn.nba.com/headshots/nba/latest/1040x760/203946.png,C:\Users\jksut\Downloads\Fun Data Testing\rsci_nlp_package_staging\nlp_draft_bias_research\outputs_llm_enhanced\headshot_cache\nba_cdn_latest_1040x760\cameron_bairstow__203946.png,downloaded,200.0,image/png
Cleanthony Early,cleanthony early,historical,2014,2014,1,exact_full_name,203921.0,Cleanthony Early,False,https://cdn.nba.com/headshots/nba/latest/1040x760/203921.png,C:\Users\jksut\Downloads\Fun Data Testing\rsci_nlp_package_staging\nlp_draft_bias_research\outputs_llm_enhanced\headshot_cache\nba_cdn_latest_1040x760\cleanthony_early__203921.png,downloaded,200.0,image/png
Clint Capela,clint capela,historical,2014,2014,1,exact_full_name,203991.0,Clint Capela,True,https://cdn.nba.com/headshots/nba/latest/1040x760/203991.png,C:\Users\jksut\Downloads\Fun Data Testing\rsci_nlp_package_staging\nlp_draft_bias_research\outputs_llm_enhanced\headshot_cache\nba_cdn_latest_1040x760\clint_capela__203991.png,downloaded,200.0,image/png
Cory Jefferson,cory jefferson,historical,2014,2014,1,exact_full_name,203928.0,Cory Jefferson,False,https://cdn.nba.com/headshots/nba/latest/1040x760/203928.png,C:\Users\jksut\Downloads\Fun Data Testing\rsci_nlp_package_staging\nlp_draft_bias_research\outputs_llm_enhanced\headshot_cache\nba_cdn_latest_1040x760\cory_jefferson__203928.png,downloaded,200.0,image/png
Damien Inglis,damien inglis,historical,2014,2014,1,exact_full_name,203996.0,Damien Inglis,False,https://cdn.nba.com/headshots/nba/latest/1040x760/203996.png,C:\Users\jksut\Downloads\Fun Data Testing\rsci_nlp_package_staging\nlp_draft_bias_research\outputs_llm_enhanced\headshot_cache\nba_cdn_latest_1040x760\damien_inglis__203996.png,downloaded,200.0,image/png
Dante Exum,dante exum,historical,2014,2014,1,exact_full_name,203957.0,Danté Exum,True,https://cdn.nba.com/headshots/nba/latest/1040x760/203957.png,C:\Users\jksut\Downloads\Fun Data Testing\rsci_nlp_package_staging\nlp_draft_bias_research\outputs_llm_enhanced\headshot_cache\nba_cdn_latest_1040x760\dante_exum__203957.png,downloaded,200.0,image/png
Dario Saric,dario saric,historical,2014,2014,1,exact_full_name,203967.0,Dario Šarić,True,https://cdn.nba.com/headshots/nba/latest/1040x760/203967.png,C:\Users\jksut\Downloads\Fun Data Testing\rsci_nlp_package_staging\nlp_draft_bias_research\outputs_llm_enhanced\headshot_cache\nba_cdn_latest_1040x760\dario_saric__203967.png,downloaded,200.0,image/png
DeAndre Daniels,deandre daniels,historical,2014,2014,1,unmatched,,,,,,unmatched,,
Doug McDermott,doug mcdermott,historical,2014,2014,1,exact_full_name,203926.0,Doug McDermott,True,https://cdn.nba.com/headshots/nba/latest/1040x760/203926.png,C:\Users\jksut\Downloads\Fun Data Testing\rsci_nlp_package_staging\nlp_draft_bias_research\outputs_llm_enhanced\headshot_cache\nba_cdn_latest_1040x760\doug_mcdermott__203926.png,downloaded,200.0,image/png
Dwight Powell,dwight powell,historical,2014,2014,1,exact_full_name,203939.0,Dwight Powell,True,https://cdn.nba.com/headshots/nba/latest/1040x760/203939.png,C:\Users\jksut\Downloads\Fun Data Testing\rsci_nlp_package_staging\nlp_draft_bias_research\outputs_llm_enhanced\headshot_cache\nba_cdn_latest_1040x760\dwight_powell__203939.png,downloaded,200.0,image/png
Elfrid Payton,elfrid payton,historical,2014,2014,2,exact_full_name,203901.0,Elfrid Payton,False,https://cdn.nba.com/headshots/nba/latest/1040x760/203901.png,C:\Users\jksut\Downloads\Fun Data Testing\rsci_nlp_package_staging\nlp_draft_bias_research\outputs_llm_enhanced\headshot_cache\nba_cdn_latest_1040x760\elfrid_payton__203901.png,downloaded,200.0,image/png
Gary Harris,gary harris,historical,2014,2014,1,exact_full_name,203914.0,Gary Harris,True,https://cdn.nba.com/headshots/nba/latest/1040x760/203914.png,C:\Users\jksut\Downloads\Fun Data Testing\rsci_nlp_package_staging\nlp_draft_bias_research\outputs_llm_enhanced\headshot_cache\nba_cdn_latest_1040x760\gary_harris__203914.png,downloaded,200.0,image/png
Glenn Robinson III,glenn robinson,historical,2014,2014,1,exact_full_name,203922.0,Glenn Robinson III,False,https://cdn.nba.com/headshots/nba/latest/1040x760/203922.png,C:\Users\jksut\Downloads\Fun Data Testing\rsci_nlp_package_staging\nlp_draft_bias_research\outputs_llm_enhanced\headshot_cache\nba_cdn_latest_1040x760\glenn_robinson_iii__203922.png,downloaded,200.0,image/png
Jabari Parker,jabari parker,historical,2014,2014,1,exact_full_name,203953.0,Jabari Parker,False,https://cdn.nba.com/headshots/nba/latest/1040x760/203953.png,C:\Users\jksut\Downloads\Fun Data Testing\rsci_nlp_package_staging\nlp_draft_bias_research\outputs_llm_enhanced\headshot_cache\nba_cdn_latest_1040x760\jabari_parker__203953.png,downloaded,200.0,image/png
James Young,james young,historical,2014,2014,1,exact_full_name,203923.0,James Young,False,https://cdn.nba.com/headshots/nba/latest/1040x760/203923.png,C:\Users\jksut\Downloads\Fun Data Testing\rsci_nlp_package_staging\nlp_draft_bias_research\outputs_llm_enhanced\headshot_cache\nba_cdn_latest_1040x760\james_young__203923.png,downloaded,200.0,image/png
Jarnell Stokes,jarnell stokes,historical,2014,2014,1,exact_full_name,203950.0,Jarnell Stokes,False,https://cdn.nba.com/headshots/nba/latest/1040x760/203950.png,C:\Users\jksut\Downloads\Fun Data Testing\rsci_nlp_package_staging\nlp_draft_bias_research\outputs_llm_enhanced\headshot_cache\nba_cdn_latest_1040x760\jarnell_stokes__203950.png,downloaded,200.0,image/png
Jerami Grant,jerami grant,historical,2014,2014,1,exact_full_name,203924.0,Jerami Grant,True,https://cdn.nba.com/headshots/nba/latest/1040x760/203924.png,C:\Users\jksut\Downloads\Fun Data Testing\rsci_nlp_package_staging\nlp_draft_bias_research\outputs_llm_enhanced\headshot_cache\nba_cdn_latest_1040x760\jerami_grant__203924.png,downloaded,200.0,image/png
Joe Harris,joe harris,historical,2014,2014,1,exact_full_name,203925.0,Joe Harris,False,https://cdn.nba.com/headshots/nba/latest/1040x760/203925.png,C:\Users\jksut\Downloads\Fun Data Testing\rsci_nlp_package_staging\nlp_draft_bias_research\outputs_llm_enhanced\headshot_cache\nba_cdn_latest_1040x760\joe_harris__203925.png,downloaded,200.0,image/png
Joel Embiid,joel embiid,historical,2014,2014,1,exact_full_name,203954.0,Joel Embiid,True,https://cdn.nba.com/headshots/nba/latest/1040x760/203954.png,C:\Users\jksut\Downloads\Fun Data Testing\rsci_nlp_package_staging\nlp_draft_bias_research\outputs_llm_enhanced\headshot_cache\nba_cdn_latest_1040x760\joel_embiid__203954.png,downloaded,200.0,image/png
Johnny O'Bryant III,johnny o bryant,historical,2014,2014,1,exact_full_name,203948.0,Johnny O'Bryant III,False,https://cdn.nba.com/headshots/nba/latest/1040x760/203948.png,C:\Users\jksut\Downloads\Fun Data Testing\rsci_nlp_package_staging\nlp_draft_bias_research\outputs_llm_enhanced\headshot_cache\nba_cdn_latest_1040x760\johnny_o_bryant_iii__203948.png,downloaded,200.0,image/png
Jordan Adams,jordan adams,historical,2014,2014,1,exact_full_name,203919.0,Jordan Adams,False,https://cdn.nba.com/headshots/nba/latest/1040x760/203919.png,C:\Users\jksut\Downloads\Fun Data Testing\rsci_nlp_package_staging\nlp_draft_bias_research\outputs_llm_enhanced\headshot_cache\nba_cdn_latest_1040x760\jordan_adams__203919.png,downloaded,200.0,image/png
Jordan Clarkson,jordan clarkson,historical,2014,2014,1,exact_full_name,203903.0,Jordan Clarkson,True,https://cdn.nba.com/headshots/nba/latest/1040x760/203903.png,C:\Users\jksut\Downloads\Fun Data Testing\rsci_nlp_package_staging\nlp_draft_bias_research\outputs_llm_enhanced\headshot_cache\nba_cdn_latest_1040x760\jordan_clarkson__203903.png,downloaded,200.0,image/png
Julius Randle,julius randle,historical,2014,2014,1,exact_full_name,203944.0,Julius Randle,True,https://cdn.nba.com/headshots/nba/latest/1040x760/203944.png,C:\Users\jksut\Downloads\Fun Data Testing\rsci_nlp_package_staging\nlp_draft_bias_research\outputs_llm_enhanced\headshot_cache\nba_cdn_latest_1040x760\julius_randle__203944.png,downloaded,200.0,image/png
Jusuf Nurkić,jusuf nurkic,historical,2014,2014,1,exact_full_name,203994.0,Jusuf Nurkić,True,https://cdn.nba.com/headshots/nba/latest/1040x760/203994.png,C:\Users\jksut\Downloads\Fun Data Testing\rsci_nlp_package_staging\nlp_draft_bias_research\outputs_llm_enhanced\headshot_cache\nba_cdn_latest_1040x760\jusuf_nurkic__203994.png,downloaded,200.0,image/png
KJ McDaniels,kj mcdaniels,historical,2014,2014,1,exact_full_name,203909.0,KJ McDaniels,False,https://cdn.nba.com/headshots/nba/latest/1040x760/203909.png,C:\Users\jksut\Downloads\Fun Data Testing\rsci_nlp_package_staging\nlp_draft_bias_research\outputs_llm_enhanced\headshot_cache\nba_cdn_latest_1040x760\kj_mcdaniels__203909.png,downloaded,200.0,image/png
Kyle Anderson,kyle anderson,historical,2014,2014,2,exact_full_name,203937.0,Kyle Anderson,True,https://cdn.nba.com/headshots/nba/latest/1040x760/203937.png,C:\Users\jksut\Downloads\Fun Data Testing\rsci_nlp_package_staging\nlp_draft_bias_research\outputs_llm_enhanced\headshot_cache\nba_cdn_latest_1040x760\kyle_anderson__203937.png,downloaded,200.0,image/png
Marcus Smart,marcus smart,historical,2014,2014,1,exact_full_name,203935.0,Marcus Smart,True,https://cdn.nba.com/headshots/nba/latest/1040x760/203935.png,C:\Users\jksut\Downloads\Fun Data Testing\rsci_nlp_package_staging\nlp_draft_bias_research\outputs_llm_enhanced\headshot_cache\nba_cdn_latest_1040x760\marcus_smart__203935.png,downloaded,200.0,image/png
Markel Brown,markel brown,historical,2014,2014,1,exact_full_name,203900.0,Markel Brown,False,https://cdn.nba.com/headshots/nba/latest/1040x760/203900.png,C:\Users\jksut\Downloads\Fun Data Testing\rsci_nlp_package_staging\nlp_draft_bias_research\outputs_llm_enhanced\headshot_cache\nba_cdn_latest_1040x760\markel_brown__203900.png,downloaded,200.0,image/png
Mitch McGary,mitch mcgary,historical,2014,2014,1,exact_full_name,203956.0,Mitch McGary,False,https://cdn.nba.com/headshots/nba/latest/1040x760/203956.png,C:\Users\jksut\Downloads\Fun Data Testing\rsci_nlp_package_staging\nlp_draft_bias_research\outputs_llm_enhanced\headshot_cache\nba_cdn_latest_1040x760\mitch_mcgary__203956.png,downloaded,200.0,image/png
Nick Johnson,nick johnson,historical,2014,2014,1,exact_full_name,203910.0,Nick Johnson,False,https://cdn.nba.com/headshots/nba/latest/1040x760/203910.png,C:\Users\jksut\Downloads\Fun Data Testing\rsci_nlp_package_staging\nlp_draft_bias_research\outputs_llm_enhanced\headshot_cache\nba_cdn_latest_1040x760\nick_johnson__203910.png,downloaded,200.0,image/png
Nik Stauskas,nik stauskas,historical,2014,2014,1,exact_full_name,203917.0,Nik Stauskas,False,https://cdn.nba.com/headshots/nba/latest/1040x760/203917.png,C:\Users\jksut\Downloads\Fun Data Testing\rsci_nlp_package_staging\nlp_draft_bias_research\outputs_llm_enhanced\headshot_cache\nba_cdn_latest_1040x760\nik_stauskas__203917.png,downloaded,200.0,image/png
Nikola Jokić,nikola jokic,historical,2014,2014,1,exact_full_name,203999.0,Nikola Jokić,True,https://cdn.nba.com/headshots/nba/latest/1040x760/203999.png,C:\Users\jksut\Downloads\Fun Data Testing\rsci_nlp_package_staging\nlp_draft_bias_research\outputs_llm_enhanced\headshot_cache\nba_cdn_latest_1040x760\nikola_jokic__203999.png,downloaded,200.0,image/png
Noah Vonleh,noah vonleh,historical,2014,2014,1,exact_full_name,203943.0,Noah Vonleh,False,https://cdn.nba.com/headshots/nba/latest/1040x760/203943.png,C:\Users\jksut\Downloads\Fun Data Testing\rsci_nlp_package_staging\nlp_draft_bias_research\outputs_llm_enhanced\headshot_cache\nba_cdn_latest_1040x760\noah_vonleh__203943.png,downloaded,200.0,image/png
PJ Hairston,pj hairston,historical,2014,2014,1,exact_full_name,203798.0,PJ Hairston,False,https://cdn.nba.com/headshots/nba/latest/1040x760/203798.png,C:\Users\jksut\Downloads\Fun Data Testing\rsci_nlp_package_staging\nlp_draft_bias_research\outputs_llm_enhanced\headshot_cache\nba_cdn_latest_1040x760\pj_hairston__203798.png,downloaded,200.0,image/png
Rodney Hood,rodney hood,historical,2014,2014,1,exact_full_name,203918.0,Rodney Hood,False,https://cdn.nba.com/headshots/nba/latest/1040x760/203918.png,C:\Users\jksut\Downloads\Fun Data Testing\rsci_nlp_package_staging\nlp_draft_bias_research\outputs_llm_enhanced\headshot_cache\nba_cdn_latest_1040x760\rodney_hood__203918.png,downloaded,200.0,image/png
Semaj Christon,semaj christon,historical,2014,2014,1,exact_full_name,203902.0,Semaj Christon,False,https://cdn.nba.com/headshots/nba/latest/1040x760/203902.png,C:\Users\jksut\Downloads\Fun Data Testing\rsci_nlp_package_staging\nlp_draft_bias_research\outputs_llm_enhanced\headshot_cache\nba_cdn_latest_1040x760\semaj_christon__203902.png,downloaded,200.0,image/png
Shabazz Napier,shabazz napier,historical,2014,2014,1,exact_full_name,203894.0,Shabazz Napier,False,https://cdn.nba.com/headshots/nba/latest/1040x760/203894.png,C:\Users\jksut\Downloads\Fun Data Testing\rsci_nlp_package_staging\nlp_draft_bias_research\outputs_llm_enhanced\headshot_cache\nba_cdn_latest_1040x760\shabazz_napier__203894.png,downloaded,200.0,image/png
Spencer Dinwiddie,spencer dinwiddie,historical,2014,2014,1,exact_full_name,203915.0,Spencer Dinwiddie,False,https://cdn.nba.com/headshots/nba/latest/1040x760/203915.png,C:\Users\jksut\Downloads\Fun Data Testing\rsci_nlp_package_staging\nlp_draft_bias_research\outputs_llm_enhanced\headshot_cache\nba_cdn_latest_1040x760\spencer_dinwiddie__203915.png,downloaded,200.0,image/png
T.J. Warren,t j warren,historical,2014,2014,1,exact_full_name,203933.0,T.J. Warren,False,https://cdn.nba.com/headshots/nba/latest/1040x760/203933.png,C:\Users\jksut\Downloads\Fun Data Testing\rsci_nlp_package_staging\nlp_draft_bias_research\outputs_llm_enhanced\headshot_cache\nba_cdn_latest_1040x760\t_j_warren__203933.png,downloaded,200.0,image/png
Tyler Ennis,tyler ennis,historical,2014,2014,1,exact_full_name,203898.0,Tyler Ennis,False,https://cdn.nba.com/headshots/nba/latest/1040x760/203898.png,C:\Users\jksut\Downloads\Fun Data Testing\rsci_nlp_package_staging\nlp_draft_bias_research\outputs_llm_enhanced\headshot_cache\nba_cdn_latest_1040x760\tyler_ennis__203898.png,downloaded,200.0,image/png
Zach LaVine,zach lavine,historical,2014,2014,1,exact_full_name,203897.0,Zach LaVine,True,https://cdn.nba.com/headshots/nba/latest/1040x760/203897.png,C:\Users\jksut\Downloads\Fun Data Testing\rsci_nlp_package_staging\nlp_draft_bias_research\outputs_llm_enhanced\headshot_cache\nba_cdn_latest_1040x760\zach_lavine__203897.png,downloaded,200.0,image/png
Aaron White,aaron white,historical,2015,2015,1,unmatched,,,,,,unmatched,,
Andrew Harrison,andrew harrison,historical,2015,2015,1,exact_full_name,1626150.0,Andrew Harrison,False,https://cdn.nba.com/headshots/nba/latest/1040x760/1626150.png,C:\Users\jksut\Downloads\Fun Data Testing\rsci_nlp_package_staging\nlp_draft_bias_research\outputs_llm_enhanced\headshot_cache\nba_cdn_latest_1040x760\andrew_harrison__1626150.png,downloaded,200.0,image/png
Anthony Brown,anthony brown,historical,2015,2015,2,exact_full_name,1626148.0,Anthony Brown,False,https://cdn.nba.com/headshots/nba/latest/1040x760/1626148.png,C:\Users\jksut\Downloads\Fun Data Testing\rsci_nlp_package_staging\nlp_draft_bias_research\outputs_llm_enhanced\headshot_cache\nba_cdn_latest_1040x760\anthony_brown__1626148.png,downloaded,200.0,image/png
Arturas Gudaitis,arturas gudaitis,historical,2015,2015,1,unmatched,,,,,,unmatched,,
Bobby Portis,bobby portis,historical,2015,2015,2,exact_full_name,1626171.0,Bobby Portis,True,https://cdn.nba.com/headshots/nba/latest/1040x760/1626171.png,C:\Users\jksut\Downloads\Fun Data Testing\rsci_nlp_package_staging\nlp_draft_bias_research\outputs_llm_enhanced\headshot_cache\nba_cdn_latest_1040x760\bobby_portis__1626171.png,downloaded,200.0,image/png
Cameron Payne,cameron payne,historical,2015,2015,1,exact_full_name,1626166.0,Cameron Payne,False,https://cdn.nba.com/headshots/nba/latest/1040x760/1626166.png,C:\Users\jksut\Downloads\Fun Data Testing\rsci_nlp_package_staging\nlp_draft_bias_research\outputs_llm_enhanced\headshot_cache\nba_cdn_latest_1040x760\cameron_payne__1626166.png,downloaded,200.0,image/png
Cedi Osman,cedi osman,historical,2015,2015,1,exact_full_name,1626224.0,Cedi Osman,False,https://cdn.nba.com/headshots/nba/latest/1040x760/1626224.png,C:\Users\jksut\Downloads\Fun Data Testing\rsci_nlp_package_staging\nlp_draft_bias_research\outputs_llm_enhanced\headshot_cache\nba_cdn_latest_1040x760\cedi_osman__1626224.png,downloaded,200.0,image/png
Chris McCullough,chris mccullough,historical,2015,2015,1,exact_full_name,1626191.0,Chris McCullough,False,https://cdn.nba.com/headshots/nba/latest/1040x760/1626191.png,C:\Users\jksut\Downloads\Fun Data Testing\rsci_nlp_package_staging\nlp_draft_bias_research\outputs_llm_enhanced\headshot_cache\nba_cdn_latest_1040x760\chris_mccullough__1626191.png,downloaded,200.0,image/png
D'Angelo Russell,d angelo russell,historical,2015,2015,1,exact_full_name,1626156.0,D'Angelo Russell,True,https://cdn.nba.com/headshots/nba/latest/1040x760/1626156.png,C:\Users\jksut\Downloads\Fun Data Testing\rsci_nlp_package_staging\nlp_draft_bias_research\outputs_llm_enhanced\headshot_cache\nba_cdn_latest_1040x760\d_angelo_russell__1626156.png,downloaded,200.0,image/png
Dakari Johnson,dakari johnson,historical,2015,2015,2,exact_full_name,1626177.0,Dakari Johnson,False,https://cdn.nba.com/headshots/nba/latest/1040x760/1626177.png,C:\Users\jksut\Downloads\Fun Data Testing\rsci_nlp_package_staging\nlp_draft_bias_research\outputs_llm_enhanced\headshot_cache\nba_cdn_latest_1040x760\dakari_johnson__1626177.png,downloaded,200.0,image/png
Delon Wright,delon wright,historical,2015,2015,1,exact_full_name,1626153.0,Delon Wright,False,https://cdn.nba.com/headshots/nba/latest/1040x760/1626153.png,C:\Users\jksut\Downloads\Fun Data Testing\rsci_nlp_package_staging\nlp_draft_bias_research\outputs_llm_enhanced\headshot_cache\nba_cdn_latest_1040x760\delon_wright__1626153.png,downloaded,200.0,image/png
Devin Booker,devin booker,historical,2015,2015,1,exact_full_name,1626164.0,Devin Booker,True,https://cdn.nba.com/headshots/nba/latest/1040x760/1626164.png,C:\Users\jksut\Downloads\Fun Data Testing\rsci_nlp_package_staging\nlp_draft_bias_research\outputs_llm_enhanced\headshot_cache\nba_cdn_latest_1040x760\devin_booker__1626164.png,downloaded,200.0,image/png
Emmanuel Mudiay,emmanuel mudiay,historical,2015,2015,2,exact_full_name,1626144.0,Emmanuel Mudiay,False,https://cdn.nba.com/headshots/nba/latest/1040x760/1626144.png,C:\Users\jksut\Downloads\Fun Data Testing\rsci_nlp_package_staging\nlp_draft_bias_research\outputs_llm_enhanced\headshot_cache\nba_cdn_latest_1040x760\emmanuel_mudiay__1626144.png,downloaded,200.0,image/png
Frank Kaminsky,frank kaminsky,historical,2015,2015,2,exact_full_name,1626163.0,Frank Kaminsky,False,https://cdn.nba.com/headshots/nba/latest/1040x760/1626163.png,C:\Users\jksut\Downloads\Fun Data Testing\rsci_nlp_package_staging\nlp_draft_bias_research\outputs_llm_enhanced\headshot_cache\nba_cdn_latest_1040x760\frank_kaminsky__1626163.png,downloaded,200.0,image/png
JP Tokoto,jp tokoto,historical,2015,2015,1,unmatched,,,,,,unmatched,,
Jahlil Okafor,jahlil okafor,historical,2015,2015,1,exact_full_name,1626143.0,Jahlil Okafor,False,https://cdn.nba.com/headshots/nba/latest/1040x760/1626143.png,C:\Users\jksut\Downloads\Fun Data Testing\rsci_nlp_package_staging\nlp_draft_bias_research\outputs_llm_enhanced\headshot_cache\nba_cdn_latest_1040x760\jahlil_okafor__1626143.png,downloaded,200.0,image/png
Jarell Martin,jarell martin,historical,2015,2015,2,exact_full_name,1626185.0,Jarell Martin,False,https://cdn.nba.com/headshots/nba/latest/1040x760/1626185.png,C:\Users\jksut\Downloads\Fun Data Testing\rsci_nlp_package_staging\nlp_draft_bias_research\outputs_llm_enhanced\headshot_cache\nba_cdn_latest_1040x760\jarell_martin__1626185.png,downloaded,200.0,image/png
Jerian Grant,jerian grant,historical,2015,2015,1,exact_full_name,1626170.0,Jerian Grant,False,https://cdn.nba.com/headshots/nba/latest/1040x760/1626170.png,C:\Users\jksut\Downloads\Fun Data Testing\rsci_nlp_package_staging\nlp_draft_bias_research\outputs_llm_enhanced\headshot_cache\nba_cdn_latest_1040x760\jerian_grant__1626170.png,downloaded,200.0,image/png
Jordan Mickey,jordan mickey,historical,2015,2015,1,exact_full_name,1626175.0,Jordan Mickey,False,https://cdn.nba.com/headshots/nba/latest/1040x760/1626175.png,C:\Users\jksut\Downloads\Fun Data Testing\rsci_nlp_package_staging\nlp_draft_bias_research\outputs_llm_enhanced\headshot_cache\nba_cdn_latest_1040x760\jordan_mickey__1626175.png,downloaded,200.0,image/png
Josh Richardson,josh richardson,historical,2015,2015,1,exact_full_name,1626196.0,Josh Richardson,False,https://cdn.nba.com/headshots/nba/latest/1040x760/1626196.png,C:\Users\jksut\Downloads\Fun Data Testing\rsci_nlp_package_staging\nlp_draft_bias_research\outputs_llm_enhanced\headshot_cache\nba_cdn_latest_1040x760\josh_richardson__1626196.png,downloaded,200.0,image/png
Justin Anderson,justin anderson,historical,2015,2015,1,exact_full_name,1626147.0,Justin Anderson,False,https://cdn.nba.com/headshots/nba/latest/1040x760/1626147.png,C:\Users\jksut\Downloads\Fun Data Testing\rsci_nlp_package_staging\nlp_draft_bias_research\outputs_llm_enhanced\headshot_cache\nba_cdn_latest_1040x760\justin_anderson__1626147.png,downloaded,200.0,image/png
Justise Winslow,justise winslow,historical,2015,2015,2,exact_full_name,1626159.0,Justise Winslow,False,https://cdn.nba.com/headshots/nba/latest/1040x760/1626159.png,C:\Users\jksut\Downloads\Fun Data Testing\rsci_nlp_package_staging\nlp_draft_bias_research\outputs_llm_enhanced\headshot_cache\nba_cdn_latest_1040x760\justise_winslow__1626159.png,downloaded,200.0,image/png
Karl-Anthony Towns,karl anthony towns,historical,2015,2015,2,exact_full_name,1626157.0,Karl-Anthony Towns,True,https://cdn.nba.com/headshots/nba/latest/1040x760/1626157.png,C:\Users\jksut\Downloads\Fun Data Testing\rsci_nlp_package_staging\nlp_draft_bias_research\outputs_llm_enhanced\headshot_cache\nba_cdn_latest_1040x760\karl_anthony_towns__1626157.png,downloaded,200.0,image/png
Kelly Oubre Jr.,kelly oubre,historical,2015,2015,2,exact_full_name,1626162.0,Kelly Oubre Jr.,True,https://cdn.nba.com/headshots/nba/latest/1040x760/1626162.png,C:\Users\jksut\Downloads\Fun Data Testing\rsci_nlp_package_staging\nlp_draft_bias_research\outputs_llm_enhanced\headshot_cache\nba_cdn_latest_1040x760\kelly_oubre_jr__1626162.png,downloaded,200.0,image/png
Kevon Looney,kevon looney,historical,2015,2015,1,exact_full_name,1626172.0,Kevon Looney,True,https://cdn.nba.com/headshots/nba/latest/1040x760/1626172.png,C:\Users\jksut\Downloads\Fun Data Testing\rsci_nlp_package_staging\nlp_draft_bias_research\outputs_llm_enhanced\headshot_cache\nba_cdn_latest_1040x760\kevon_looney__1626172.png,downloaded,200.0,image/png
Kristaps Porziņģis,kristaps porzingis,historical,2015,2015,2,exact_full_name,204001.0,Kristaps Porziņģis,True,https://cdn.nba.com/headshots/nba/latest/1040x760/204001.png,C:\Users\jksut\Downloads\Fun Data Testing\rsci_nlp_package_staging\nlp_draft_bias_research\outputs_llm_enhanced\headshot_cache\nba_cdn_latest_1040x760\kristaps_porzingis__204001.png,downloaded,200.0,image/png
Larry Nance Jr.,larry nance,historical,2015,2015,1,exact_full_name,1626204.0,Larry Nance Jr.,True,https://cdn.nba.com/headshots/nba/latest/1040x760/1626204.png,C:\Users\jksut\Downloads\Fun Data Testing\rsci_nlp_package_staging\nlp_draft_bias_research\outputs_llm_enhanced\headshot_cache\nba_cdn_latest_1040x760\larry_nance_jr__1626204.png,downloaded,200.0,image/png
Mario Hezonja,mario hezonja,historical,2015,2015,2,exact_full_name,1626209.0,Mario Hezonja,False,https://cdn.nba.com/headshots/nba/latest/1040x760/1626209.png,C:\Users\jksut\Downloads\Fun Data Testing\rsci_nlp_package_staging\nlp_draft_bias_research\outputs_llm_enhanced\headshot_cache\nba_cdn_latest_1040x760\mario_hezonja__1626209.png,downloaded,200.0,image/png
Montrezl Harrell,montrezl harrell,historical,2015,2015,2,exact_full_name,1626149.0,Montrezl Harrell,False,https://cdn.nba.com/headshots/nba/latest/1040x760/1626149.png,C:\Users\jksut\Downloads\Fun Data Testing\rsci_nlp_package_staging\nlp_draft_bias_research\outputs_llm_enhanced\headshot_cache\nba_cdn_latest_1040x760\montrezl_harrell__1626149.png,downloaded,200.0,image/png
Myles Turner,myles turner,historical,2015,2015,2,exact_full_name,1626167.0,Myles Turner,True,https://cdn.nba.com/headshots/nba/latest/1040x760/1626167.png,C:\Users\jksut\Downloads\Fun Data Testing\rsci_nlp_package_staging\nlp_draft_bias_research\outputs_llm_enhanced\headshot_cache\nba_cdn_latest_1040x760\myles_turner__1626167.png,downloaded,200.0,image/png
Nikola Milutinov,nikola milutinov,historical,2015,2015,1,unmatched,,,,,,unmatched,,
Norman Powell,norman powell,historical,2015,2015,1,exact_full_name,1626181.0,Norman Powell,True,https://cdn.nba.com/headshots/nba/latest/1040x760/1626181.png,C:\Users\jksut\Downloads\Fun Data Testing\rsci_nlp_package_staging\nlp_draft_bias_research\outputs_llm_enhanced\headshot_cache\nba_cdn_latest_1040x760\norman_powell__1626181.png,downloaded,200.0,image/png
Olivier Hanlan,olivier hanlan,historical,2015,2015,1,unmatched,,,,,,unmatched,,
Pat Connaughton,pat connaughton,historical,2015,2015,1,exact_full_name,1626192.0,Pat Connaughton,True,https://cdn.nba.com/headshots/nba/latest/1040x760/1626192.png,C:\Users\jksut\Downloads\Fun Data Testing\rsci_nlp_package_staging\nlp_draft_bias_research\outputs_llm_enhanced\headshot_cache\nba_cdn_latest_1040x760\pat_connaughton__1626192.png,downloaded,200.0,image/png
RJ Hunter,rj hunter,historical,2015,2015,1,exact_full_name,1626154.0,RJ Hunter,False,https://cdn.nba.com/headshots/nba/latest/1040x760/1626154.png,C:\Users\jksut\Downloads\Fun Data Testing\rsci_nlp_package_staging\nlp_draft_bias_research\outputs_llm_enhanced\headshot_cache\nba_cdn_latest_1040x760\rj_hunter__1626154.png,downloaded,200.0,image/png
Rakeem Christmas,rakeem christmas,historical,2015,2015,1,exact_full_name,1626176.0,Rakeem Christmas,False,https://cdn.nba.com/headshots/nba/latest/1040x760/1626176.png,C:\Users\jksut\Downloads\Fun Data Testing\rsci_nlp_package_staging\nlp_draft_bias_research\outputs_llm_enhanced\headshot_cache\nba_cdn_latest_1040x760\rakeem_christmas__1626176.png,downloaded,200.0,image/png
Rashad Vaughn,rashad vaughn,historical,2015,2015,1,exact_full_name,1626173.0,Rashad Vaughn,False,https://cdn.nba.com/headshots/nba/latest/1040x760/1626173.png,C:\Users\jksut\Downloads\Fun Data Testing\rsci_nlp_package_staging\nlp_draft_bias_research\outputs_llm_enhanced\headshot_cache\nba_cdn_latest_1040x760\rashad_vaughn__1626173.png,downloaded,200.0,image/png
Richaun Holmes,richaun holmes,historical,2015,2015,1,exact_full_name,1626158.0,Richaun Holmes,False,https://cdn.nba.com/headshots/nba/latest/1040x760/1626158.png,C:\Users\jksut\Downloads\Fun Data Testing\rsci_nlp_package_staging\nlp_draft_bias_research\outputs_llm_enhanced\headshot_cache\nba_cdn_latest_1040x760\richaun_holmes__1626158.png,downloaded,200.0,image/png
Rondae Hollis-Jefferson,rondae hollis jefferson,historical,2015,2015,1,exact_full_name,1626178.0,Rondae Hollis-Jefferson,False,https://cdn.nba.com/headshots/nba/latest/1040x760/1626178.png,C:\Users\jksut\Downloads\Fun Data Testing\rsci_nlp_package_staging\nlp_draft_bias_research\outputs_llm_enhanced\headshot_cache\nba_cdn_latest_1040x760\rondae_hollis_jefferson__1626178.png,downloaded,200.0,image/png
Sam Dekker,sam dekker,historical,2015,2015,2,exact_full_name,1626155.0,Sam Dekker,False,https://cdn.nba.com/headshots/nba/latest/1040x760/1626155.png,C:\Users\jksut\Downloads\Fun Data Testing\rsci_nlp_package_staging\nlp_draft_bias_research\outputs_llm_enhanced\headshot_cache\nba_cdn_latest_1040x760\sam_dekker__1626155.png,downloaded,200.0,image/png
Stanley Johnson,stanley johnson,historical,2015,2015,2,exact_full_name,1626169.0,Stanley Johnson,False,https://cdn.nba.com/headshots/nba/latest/1040x760/1626169.png,C:\Users\jksut\Downloads\Fun Data Testing\rsci_nlp_package_staging\nlp_draft_bias_research\outputs_llm_enhanced\headshot_cache\nba_cdn_latest_1040x760\stanley_johnson__1626169.png,downloaded,200.0,image/png
Terry Rozier,terry rozier,historical,2015,2015,1,exact_full_name,1626179.0,Terry Rozier,True,https://cdn.nba.com/headshots/nba/latest/1040x760/1626179.png,C:\Users\jksut\Downloads\Fun Data Testing\rsci_nlp_package_staging\nlp_draft_bias_research\outputs_llm_enhanced\headshot_cache\nba_cdn_latest_1040x760\terry_rozier__1626179.png,downloaded,200.0,image/png
Trey Lyles,trey lyles,historical,2015,2015,2,exact_full_name,1626168.0,Trey Lyles,False,https://cdn.nba.com/headshots/nba/latest/1040x760/1626168.png,C:\Users\jksut\Downloads\Fun Data Testing\rsci_nlp_package_staging\nlp_draft_bias_research\outputs_llm_enhanced\headshot_cache\nba_cdn_latest_1040x760\trey_lyles__1626168.png,downloaded,200.0,image/png
Tyus Jones,tyus jones,historical,2015,2015,1,exact_full_name,1626145.0,Tyus Jones,True,https://cdn.nba.com/headshots/nba/latest/1040x760/1626145.png,C:\Users\jksut\Downloads\Fun Data Testing\rsci_nlp_package_staging\nlp_draft_bias_research\outputs_llm_enhanced\headshot_cache\nba_cdn_latest_1040x760\tyus_jones__1626145.png,downloaded,200.0,image/png
Willie Cauley-Stein,willie cauley stein,historical,2015,2015,1,exact_full_name,1626161.0,Willie Cauley-Stein,False,https://cdn.nba.com/headshots/nba/latest/1040x760/1626161.png,C:\Users\jksut\Downloads\Fun Data Testing\rsci_nlp_package_staging\nlp_draft_bias_research\outputs_llm_enhanced\headshot_cache\nba_cdn_latest_1040x760\willie_cauley_stein__1626161.png,downloaded,200.0,image/png
AJ Hammons,aj hammons,historical,2016,2016,1,exact_full_name,1627773.0,AJ Hammons,False,https://cdn.nba.com/headshots/nba/latest/1040x760/1627773.png,C:\Users\jksut\Downloads\Fun Data Testing\rsci_nlp_package_staging\nlp_draft_bias_research\outputs_llm_enhanced\headshot_cache\nba_cdn_latest_1040x760\aj_hammons__1627773.png,downloaded,200.0,image/png
Ante Zizic,ante zizic,historical,2016,2016,2,exact_full_name,1627790.0,Ante Zizic,False,https://cdn.nba.com/headshots/nba/latest/1040x760/1627790.png,C:\Users\jksut\Downloads\Fun Data Testing\rsci_nlp_package_staging\nlp_draft_bias_research\outputs_llm_enhanced\headshot_cache\nba_cdn_latest_1040x760\ante_zizic__1627790.png,downloaded,200.0,image/png
Ben Bentil,ben bentil,historical,2016,2016,1,exact_full_name,1627791.0,Ben Bentil,False,https://cdn.nba.com/headshots/nba/latest/1040x760/1627791.png,C:\Users\jksut\Downloads\Fun Data Testing\rsci_nlp_package_staging\nlp_draft_bias_research\outputs_llm_enhanced\headshot_cache\nba_cdn_latest_1040x760\ben_bentil__1627791.png,downloaded,200.0,image/png
Ben Simmons,ben simmons,historical,2016,2016,1,exact_full_name,1627732.0,Ben Simmons,False,https://cdn.nba.com/headshots/nba/latest/1040x760/1627732.png,C:\Users\jksut\Downloads\Fun Data Testing\rsci_nlp_package_staging\nlp_draft_bias_research\outputs_llm_enhanced\headshot_cache\nba_cdn_latest_1040x760\ben_simmons__1627732.png,downloaded,200.0,image/png
Brandon Ingram,brandon ingram,historical,2016,2016,1,exact_full_name,1627742.0,Brandon Ingram,True,https://cdn.nba.com/headshots/nba/latest/1040x760/1627742.png,C:\Users\jksut\Downloads\Fun Data Testing\rsci_nlp_package_staging\nlp_draft_bias_research\outputs_llm_enhanced\headshot_cache\nba_cdn_latest_1040x760\brandon_ingram__1627742.png,downloaded,200.0,image/png
Brice Johnson,brice johnson,historical,2016,2016,1,exact_full_name,1627744.0,Brice Johnson,False,https://cdn.nba.com/headshots/nba/latest/1040x760/1627744.png,C:\Users\jksut\Downloads\Fun Data Testing\rsci_nlp_package_staging\nlp_draft_bias_research\outputs_llm_enhanced\headshot_cache\nba_cdn_latest_1040x760\brice_johnson__1627744.png,downloaded,200.0,image/png
Buddy Hield,buddy hield,historical,2016,2016,1,exact_full_name,1627741.0,Buddy Hield,True,https://cdn.nba.com/headshots/nba/latest/1040x760/1627741.png,C:\Users\jksut\Downloads\Fun Data Testing\rsci_nlp_package_staging\nlp_draft_bias_research\outputs_llm_enhanced\headshot_cache\nba_cdn_latest_1040x760\buddy_hield__1627741.png,downloaded,200.0,image/png
Caris LeVert,caris levert,historical,2016,2016,1,exact_full_name,1627747.0,Caris LeVert,True,https://cdn.nba.com/headshots/nba/latest/1040x760/1627747.png,C:\Users\jksut\Downloads\Fun Data Testing\rsci_nlp_package_staging\nlp_draft_bias_research\outputs_llm_enhanced\headshot_cache\nba_cdn_latest_1040x760\caris_levert__1627747.png,downloaded,200.0,image/png
Cheick Diallo,cheick diallo,historical,2016,2016,2,exact_full_name,1627767.0,Cheick Diallo,False,https://cdn.nba.com/headshots/nba/latest/1040x760/1627767.png,C:\Users\jksut\Downloads\Fun Data Testing\rsci_nlp_package_staging\nlp_draft_bias_research\outputs_llm_enhanced\headshot_cache\nba_cdn_latest_1040x760\cheick_diallo__1627767.png,downloaded,200.0,image/png
Chinanu Onuaku,chinanu onuaku,historical,2016,2016,1,exact_full_name,1627778.0,Chinanu Onuaku,False,https://cdn.nba.com/headshots/nba/latest/1040x760/1627778.png,C:\Users\jksut\Downloads\Fun Data Testing\rsci_nlp_package_staging\nlp_draft_bias_research\outputs_llm_enhanced\headshot_cache\nba_cdn_latest_1040x760\chinanu_onuaku__1627778.png,downloaded,200.0,image/png
Damian Jones,damian jones,historical,2016,2016,1,exact_full_name,1627745.0,Damian Jones,False,https://cdn.nba.com/headshots/nba/latest/1040x760/1627745.png,C:\Users\jksut\Downloads\Fun Data Testing\rsci_nlp_package_staging\nlp_draft_bias_research\outputs_llm_enhanced\headshot_cache\nba_cdn_latest_1040x760\damian_jones__1627745.png,downloaded,200.0,image/png
Daniel Hamilton,daniel hamilton,historical,2016,2016,1,exact_full_name,1627772.0,Daniel Hamilton,False,https://cdn.nba.com/headshots/nba/latest/1040x760/1627772.png,C:\Users\jksut\Downloads\Fun Data Testing\rsci_nlp_package_staging\nlp_draft_bias_research\outputs_llm_enhanced\headshot_cache\nba_cdn_latest_1040x760\daniel_hamilton__1627772.png,downloaded,200.0,image/png
DeAndre' Bembry,deandre bembry,historical,2016,2016,1,exact_full_name,1627761.0,DeAndre' Bembry,False,https://cdn.nba.com/headshots/nba/latest/1040x760/1627761.png,C:\Users\jksut\Downloads\Fun Data Testing\rsci_nlp_package_staging\nlp_draft_bias_research\outputs_llm_enhanced\headshot_cache\nba_cdn_latest_1040x760\deandre_bembry__1627761.png,downloaded,200.0,image/png
Dejounte Murray,dejounte murray,historical,2016,2016,1,exact_full_name,1627749.0,Dejounte Murray,True,https://cdn.nba.com/headshots/nba/latest/1040x760/1627749.png,C:\Users\jksut\Downloads\Fun Data Testing\rsci_nlp_package_staging\nlp_draft_bias_research\outputs_llm_enhanced\headshot_cache\nba_cdn_latest_1040x760\dejounte_murray__1627749.png,downloaded,200.0,image/png
Demetrius Jackson,demetrius jackson,historical,2016,2016,2,exact_full_name,1627743.0,Demetrius Jackson,False,https://cdn.nba.com/headshots/nba/latest/1040x760/1627743.png,C:\Users\jksut\Downloads\Fun Data Testing\rsci_nlp_package_staging\nlp_draft_bias_research\outputs_llm_enhanced\headshot_cache\nba_cdn_latest_1040x760\demetrius_jackson__1627743.png,downloaded,200.0,image/png
Denzel Valentine,denzel valentine,historical,2016,2016,1,exact_full_name,1627756.0,Denzel Valentine,False,https://cdn.nba.com/headshots/nba/latest/1040x760/1627756.png,C:\Users\jksut\Downloads\Fun Data Testing\rsci_nlp_package_staging\nlp_draft_bias_research\outputs_llm_enhanced\headshot_cache\nba_cdn_latest_1040x760\denzel_valentine__1627756.png,downloaded,200.0,image/png
Deyonta Davis,deyonta davis,historical,2016,2016,1,exact_full_name,1627738.0,Deyonta Davis,False,https://cdn.nba.com/headshots/nba/latest/1040x760/1627738.png,C:\Users\jksut\Downloads\Fun Data Testing\rsci_nlp_package_staging\nlp_draft_bias_research\outputs_llm_enhanced\headshot_cache\nba_cdn_latest_1040x760\deyonta_davis__1627738.png,downloaded,200.0,image/png
Diamond Stone,diamond stone,historical,2016,2016,2,exact_full_name,1627754.0,Diamond Stone,False,https://cdn.nba.com/headshots/nba/latest/1040x760/1627754.png,C:\Users\jksut\Downloads\Fun Data Testing\rsci_nlp_package_staging\nlp_draft_bias_research\outputs_llm_enhanced\headshot_cache\nba_cdn_latest_1040x760\diamond_stone__1627754.png,downloaded,200.0,image/png
Domantas Sabonis,domantas sabonis,historical,2016,2016,1,exact_full_name,1627734.0,Domantas Sabonis,True,https://cdn.nba.com/headshots/nba/latest/1040x760/1627734.png,C:\Users\jksut\Downloads\Fun Data Testing\rsci_nlp_package_staging\nlp_draft_bias_research\outputs_llm_enhanced\headshot_cache\nba_cdn_latest_1040x760\domantas_sabonis__1627734.png,downloaded,200.0,image/png
Dragan Bender,dragan bender,historical,2016,2016,1,exact_full_name,1627733.0,Dragan Bender,False,https://cdn.nba.com/headshots/nba/latest/1040x760/1627733.png,C:\Users\jksut\Downloads\Fun Data Testing\rsci_nlp_package_staging\nlp_draft_bias_research\outputs_llm_enhanced\headshot_cache\nba_cdn_latest_1040x760\dragan_bender__1627733.png,downloaded,200.0,image/png
Furkan Korkmaz,furkan korkmaz,historical,2016,2016,1,exact_full_name,1627788.0,Furkan Korkmaz,False,https://cdn.nba.com/headshots/nba/latest/1040x760/1627788.png,C:\Users\jksut\Downloads\Fun Data Testing\rsci_nlp_package_staging\nlp_draft_bias_research\outputs_llm_enhanced\headshot_cache\nba_cdn_latest_1040x760\furkan_korkmaz__1627788.png,downloaded,200.0,image/png
Georges Niang,georges niang,historical,2016,2016,1,exact_full_name,1627777.0,Georges Niang,True,https://cdn.nba.com/headshots/nba/latest/1040x760/1627777.png,C:\Users\jksut\Downloads\Fun Data Testing\rsci_nlp_package_staging\nlp_draft_bias_research\outputs_llm_enhanced\headshot_cache\nba_cdn_latest_1040x760\georges_niang__1627777.png,downloaded,200.0,image/png
Guerschon Yabusele,guerschon yabusele,historical,2016,2016,2,exact_full_name,1627824.0,Guerschon Yabusele,True,https://cdn.nba.com/headshots/nba/latest/1040x760/1627824.png,C:\Users\jksut\Downloads\Fun Data Testing\rsci_nlp_package_staging\nlp_draft_bias_research\outputs_llm_enhanced\headshot_cache\nba_cdn_latest_1040x760\guerschon_yabusele__1627824.png,downloaded,200.0,image/png
Henry Ellenson,henry ellenson,historical,2016,2016,2,exact_full_name,1627740.0,Henry Ellenson,False,https://cdn.nba.com/headshots/nba/latest/1040x760/1627740.png,C:\Users\jksut\Downloads\Fun Data Testing\rsci_nlp_package_staging\nlp_draft_bias_research\outputs_llm_enhanced\headshot_cache\nba_cdn_latest_1040x760\henry_ellenson__1627740.png,downloaded,200.0,image/png
Isaia Cordinier,isaia cordinier,historical,2016,2016,2,unmatched,,,,,,unmatched,,
Isaiah Cousins,isaiah cousins,historical,2016,2016,1,unmatched,,,,,,unmatched,,
Isaiah Whitehead,isaiah whitehead,historical,2016,2016,1,exact_full_name,1627785.0,Isaiah Whitehead,False,https://cdn.nba.com/headshots/nba/latest/1040x760/1627785.png,C:\Users\jksut\Downloads\Fun Data Testing\rsci_nlp_package_staging\nlp_draft_bias_research\outputs_llm_enhanced\headshot_cache\nba_cdn_latest_1040x760\isaiah_whitehead__1627785.png,downloaded,200.0,image/png
Ivica Zubac,ivica zubac,historical,2016,2016,1,exact_full_name,1627826.0,Ivica Zubac,True,https://cdn.nba.com/headshots/nba/latest/1040x760/1627826.png,C:\Users\jksut\Downloads\Fun Data Testing\rsci_nlp_package_staging\nlp_draft_bias_research\outputs_llm_enhanced\headshot_cache\nba_cdn_latest_1040x760\ivica_zubac__1627826.png,downloaded,200.0,image/png
Jake Layman,jake layman,historical,2016,2016,1,exact_full_name,1627774.0,Jake Layman,False,https://cdn.nba.com/headshots/nba/latest/1040x760/1627774.png,C:\Users\jksut\Downloads\Fun Data Testing\rsci_nlp_package_staging\nlp_draft_bias_research\outputs_llm_enhanced\headshot_cache\nba_cdn_latest_1040x760\jake_layman__1627774.png,downloaded,200.0,image/png
Jakob Poeltl,jakob poeltl,historical,2016,2016,1,exact_full_name,1627751.0,Jakob Poeltl,True,https://cdn.nba.com/headshots/nba/latest/1040x760/1627751.png,C:\Users\jksut\Downloads\Fun Data Testing\rsci_nlp_package_staging\nlp_draft_bias_research\outputs_llm_enhanced\headshot_cache\nba_cdn_latest_1040x760\jakob_poeltl__1627751.png,downloaded,200.0,image/png
Jamal Murray,jamal murray,historical,2016,2016,1,exact_full_name,1627750.0,Jamal Murray,True,https://cdn.nba.com/headshots/nba/latest/1040x760/1627750.png,C:\Users\jksut\Downloads\Fun Data Testing\rsci_nlp_package_staging\nlp_draft_bias_research\outputs_llm_enhanced\headshot_cache\nba_cdn_latest_1040x760\jamal_murray__1627750.png,downloaded,200.0,image/png
Jaylen Brown,jaylen brown,historical,2016,2016,1,exact_full_name,1627759.0,Jaylen Brown,True,https://cdn.nba.com/headshots/nba/latest/1040x760/1627759.png,C:\Users\jksut\Downloads\Fun Data Testing\rsci_nlp_package_staging\nlp_draft_bias_research\outputs_llm_enhanced\headshot_cache\nba_cdn_latest_1040x760\jaylen_brown__1627759.png,downloaded,200.0,image/png
Joel Bolomboy,joel bolomboy,historical,2016,2016,2,exact_full_name,1627762.0,Joel Bolomboy,False,https://cdn.nba.com/headshots/nba/latest/1040x760/1627762.png,C:\Users\jksut\Downloads\Fun Data Testing\rsci_nlp_package_staging\nlp_draft_bias_research\outputs_llm_enhanced\headshot_cache\nba_cdn_latest_1040x760\joel_bolomboy__1627762.png,downloaded,200.0,image/png
Kris Dunn,kris dunn,historical,2016,2016,1,exact_full_name,1627739.0,Kris Dunn,True,https://cdn.nba.com/headshots/nba/latest/1040x760/1627739.png,C:\Users\jksut\Downloads\Fun Data Testing\rsci_nlp_package_staging\nlp_draft_bias_research\outputs_llm_enhanced\headshot_cache\nba_cdn_latest_1040x760\kris_dunn__1627739.png,downloaded,200.0,image/png
Malachi Richardson,malachi richardson,historical,2016,2016,1,exact_full_name,1627781.0,Malachi Richardson,False,https://cdn.nba.com/headshots/nba/latest/1040x760/1627781.png,C:\Users\jksut\Downloads\Fun Data Testing\rsci_nlp_package_staging\nlp_draft_bias_research\outputs_llm_enhanced\headshot_cache\nba_cdn_latest_1040x760\malachi_richardson__1627781.png,downloaded,200.0,image/png
Malcolm Brogdon,malcolm brogdon,historical,2016,2016,1,exact_full_name,1627763.0,Malcolm Brogdon,False,https://cdn.nba.com/headshots/nba/latest/1040x760/1627763.png,C:\Users\jksut\Downloads\Fun Data Testing\rsci_nlp_package_staging\nlp_draft_bias_research\outputs_llm_enhanced\headshot_cache\nba_cdn_latest_1040x760\malcolm_brogdon__1627763.png,downloaded,200.0,image/png
Malik Beasley,malik beasley,historical,2016,2016,1,exact_full_name,1627736.0,Malik Beasley,False,https://cdn.nba.com/headshots/nba/latest/1040x760/1627736.png,C:\Users\jksut\Downloads\Fun Data Testing\rsci_nlp_package_staging\nlp_draft_bias_research\outputs_llm_enhanced\headshot_cache\nba_cdn_latest_1040x760\malik_beasley__1627736.png,downloaded,200.0,image/png
Marquese Chriss,marquese chriss,historical,2016,2016,1,exact_full_name,1627737.0,Marquese Chriss,False,https://cdn.nba.com/headshots/nba/latest/1040x760/1627737.png,C:\Users\jksut\Downloads\Fun Data Testing\rsci_nlp_package_staging\nlp_draft_bias_research\outputs_llm_enhanced\headshot_cache\nba_cdn_latest_1040x760\marquese_chriss__1627737.png,downloaded,200.0,image/png
Michael Gbinije,michael gbinije,historical,2016,2016,1,exact_full_name,1627771.0,Michael Gbinije,False,https://cdn.nba.com/headshots/nba/latest/1040x760/1627771.png,C:\Users\jksut\Downloads\Fun Data Testing\rsci_nlp_package_staging\nlp_draft_bias_research\outputs_llm_enhanced\headshot_cache\nba_cdn_latest_1040x760\michael_gbinije__1627771.png,downloaded,200.0,image/png
Pascal Siakam,pascal siakam,historical,2016,2016,1,exact_full_name,1627783.0,Pascal Siakam,True,https://cdn.nba.com/headshots/nba/latest/1040x760/1627783.png,C:\Users\jksut\Downloads\Fun Data Testing\rsci_nlp_package_staging\nlp_draft_bias_research\outputs_llm_enhanced\headshot_cache\nba_cdn_latest_1040x760\pascal_siakam__1627783.png,downloaded,200.0,image/png
Patrick McCaw,patrick mccaw,historical,2016,2016,2,exact_full_name,1627775.0,Patrick McCaw,False,https://cdn.nba.com/headshots/nba/latest/1040x760/1627775.png,C:\Users\jksut\Downloads\Fun Data Testing\rsci_nlp_package_staging\nlp_draft_bias_research\outputs_llm_enhanced\headshot_cache\nba_cdn_latest_1040x760\patrick_mccaw__1627775.png,downloaded,200.0,image/png
Paul Zipser,paul zipser,historical,2016,2016,2,exact_full_name,1627835.0,Paul Zipser,False,https://cdn.nba.com/headshots/nba/latest/1040x760/1627835.png,C:\Users\jksut\Downloads\Fun Data Testing\rsci_nlp_package_staging\nlp_draft_bias_research\outputs_llm_enhanced\headshot_cache\nba_cdn_latest_1040x760\paul_zipser__1627835.png,downloaded,200.0,image/png
Petr Cornelie,petr cornelie,historical,2016,2016,2,exact_full_name,1627822.0,Petr Cornelie,False,https://cdn.nba.com/headshots/nba/latest/1040x760/1627822.png,C:\Users\jksut\Downloads\Fun Data Testing\rsci_nlp_package_staging\nlp_draft_bias_research\outputs_llm_enhanced\headshot_cache\nba_cdn_latest_1040x760\petr_cornelie__1627822.png,downloaded,200.0,image/png
Rade Zagorac,rade zagorac,historical,2016,2016,2,unmatched,,,,,,unmatched,,
Skal Labissiere,skal labissiere,historical,2016,2016,1,exact_full_name,1627746.0,Skal Labissiere,False,https://cdn.nba.com/headshots/nba/latest/1040x760/1627746.png,C:\Users\jksut\Downloads\Fun Data Testing\rsci_nlp_package_staging\nlp_draft_bias_research\outputs_llm_enhanced\headshot_cache\nba_cdn_latest_1040x760\skal_labissiere__1627746.png,downloaded,200.0,image/png
Stephen Zimmerman,stephen zimmerman,historical,2016,2016,2,exact_full_name,1627757.0,Stephen Zimmerman,False,https://cdn.nba.com/headshots/nba/latest/1040x760/1627757.png,C:\Users\jksut\Downloads\Fun Data Testing\rsci_nlp_package_staging\nlp_draft_bias_research\outputs_llm_enhanced\headshot_cache\nba_cdn_latest_1040x760\stephen_zimmerman__1627757.png,downloaded,200.0,image/png
Taurean Prince,taurean prince,historical,2016,2016,1,exact_full_name,1627752.0,Taurean Prince,True,https://cdn.nba.com/headshots/nba/latest/1040x760/1627752.png,C:\Users\jksut\Downloads\Fun Data Testing\rsci_nlp_package_staging\nlp_draft_bias_research\outputs_llm_enhanced\headshot_cache\nba_cdn_latest_1040x760\taurean_prince__1627752.png,downloaded,200.0,image/png
Thon Maker,thon maker,historical,2016,2016,1,exact_full_name,1627748.0,Thon Maker,False,https://cdn.nba.com/headshots/nba/latest/1040x760/1627748.png,C:\Users\jksut\Downloads\Fun Data Testing\rsci_nlp_package_staging\nlp_draft_bias_research\outputs_llm_enhanced\headshot_cache\nba_cdn_latest_1040x760\thon_maker__1627748.png,downloaded,200.0,image/png
Tyler Ulis,tyler ulis,historical,2016,2016,2,exact_full_name,1627755.0,Tyler Ulis,False,https://cdn.nba.com/headshots/nba/latest/1040x760/1627755.png,C:\Users\jksut\Downloads\Fun Data Testing\rsci_nlp_package_staging\nlp_draft_bias_research\outputs_llm_enhanced\headshot_cache\nba_cdn_latest_1040x760\tyler_ulis__1627755.png,downloaded,200.0,image/png
Wade Baldwin IV,wade baldwin,historical,2016,2016,1,exact_full_name,1627735.0,Wade Baldwin IV,False,https://cdn.nba.com/headshots/nba/latest/1040x760/1627735.png,C:\Users\jksut\Downloads\Fun Data Testing\rsci_nlp_package_staging\nlp_draft_bias_research\outputs_llm_enhanced\headshot_cache\nba_cdn_latest_1040x760\wade_baldwin_iv__1627735.png,downloaded,200.0,image/png
Zhou Qi,zhou qi,historical,2016,2016,2,exact_full_name,1627753.0,Zhou Qi,False,https://cdn.nba.com/headshots/nba/latest/1040x760/1627753.png,C:\Users\jksut\Downloads\Fun Data Testing\rsci_nlp_package_staging\nlp_draft_bias_research\outputs_llm_enhanced\headshot_cache\nba_cdn_latest_1040x760\zhou_qi__1627753.png,downloaded,200.0,image/png
Alec Peters,alec peters,historical,2017,2017,1,exact_full_name,1628409.0,Alec Peters,False,https://cdn.nba.com/headshots/nba/latest/1040x760/1628409.png,C:\Users\jksut\Downloads\Fun Data Testing\rsci_nlp_package_staging\nlp_draft_bias_research\outputs_llm_enhanced\headshot_cache\nba_cdn_latest_1040x760\alec_peters__1628409.png,downloaded,200.0,image/png
Anžejs Pasečņiks,anzejs pasecniks,historical,2017,2017,2,exact_full_name,1628394.0,Anžejs Pasečņiks,False,https://cdn.nba.com/headshots/nba/latest/1040x760/1628394.png,C:\Users\jksut\Downloads\Fun Data Testing\rsci_nlp_package_staging\nlp_draft_bias_research\outputs_llm_enhanced\headshot_cache\nba_cdn_latest_1040x760\anzejs_pasecniks__1628394.png,downloaded,200.0,image/png
Bam Adebayo,bam adebayo,historical,2017,2017,1,exact_full_name,1628389.0,Bam Adebayo,True,https://cdn.nba.com/headshots/nba/latest/1040x760/1628389.png,C:\Users\jksut\Downloads\Fun Data Testing\rsci_nlp_package_staging\nlp_draft_bias_research\outputs_llm_enhanced\headshot_cache\nba_cdn_latest_1040x760\bam_adebayo__1628389.png,downloaded,200.0,image/png
Caleb Swanigan,caleb swanigan,historical,2017,2017,1,exact_full_name,1628403.0,Caleb Swanigan,False,https://cdn.nba.com/headshots/nba/latest/1040x760/1628403.png,C:\Users\jksut\Downloads\Fun Data Testing\rsci_nlp_package_staging\nlp_draft_bias_research\outputs_llm_enhanced\headshot_cache\nba_cdn_latest_1040x760\caleb_swanigan__1628403.png,downloaded,200.0,image/png
Damyean Dotson,damyean dotson,historical,2017,2017,1,exact_full_name,1628422.0,Damyean Dotson,False,https://cdn.nba.com/headshots/nba/latest/1040x760/1628422.png,C:\Users\jksut\Downloads\Fun Data Testing\rsci_nlp_package_staging\nlp_draft_bias_research\outputs_llm_enhanced\headshot_cache\nba_cdn_latest_1040x760\damyean_dotson__1628422.png,downloaded,200.0,image/png
De'Aaron Fox,de aaron fox,historical,2017,2017,1,exact_full_name,1628368.0,De'Aaron Fox,True,https://cdn.nba.com/headshots/nba/latest/1040x760/1628368.png,C:\Users\jksut\Downloads\Fun Data Testing\rsci_nlp_package_staging\nlp_draft_bias_research\outputs_llm_enhanced\headshot_cache\nba_cdn_latest_1040x760\de_aaron_fox__1628368.png,downloaded,200.0,image/png
Dennis Smith Jr.,dennis smith,historical,2017,2017,1,exact_full_name,1628372.0,Dennis Smith Jr.,False,https://cdn.nba.com/headshots/nba/latest/1040x760/1628372.png,C:\Users\jksut\Downloads\Fun Data Testing\rsci_nlp_package_staging\nlp_draft_bias_research\outputs_llm_enhanced\headshot_cache\nba_cdn_latest_1040x760\dennis_smith_jr__1628372.png,downloaded,200.0,image/png
Derrick White,derrick white,historical,2017,2017,1,exact_full_name,1628401.0,Derrick White,True,https://cdn.nba.com/headshots/nba/latest/1040x760/1628401.png,C:\Users\jksut\Downloads\Fun Data Testing\rsci_nlp_package_staging\nlp_draft_bias_research\outputs_llm_enhanced\headshot_cache\nba_cdn_latest_1040x760\derrick_white__1628401.png,downloaded,200.0,image/png
Dillon Brooks,dillon brooks,historical,2017,2017,1,exact_full_name,1628415.0,Dillon Brooks,True,https://cdn.nba.com/headshots/nba/latest/1040x760/1628415.png,C:\Users\jksut\Downloads\Fun Data Testing\rsci_nlp_package_staging\nlp_draft_bias_research\outputs_llm_enhanced\headshot_cache\nba_cdn_latest_1040x760\dillon_brooks__1628415.png,downloaded,200.0,image/png
Donovan Mitchell,donovan mitchell,historical,2017,2017,1,exact_full_name,1628378.0,Donovan Mitchell,True,https://cdn.nba.com/headshots/nba/latest/1040x760/1628378.png,C:\Users\jksut\Downloads\Fun Data Testing\rsci_nlp_package_staging\nlp_draft_bias_research\outputs_llm_enhanced\headshot_cache\nba_cdn_latest_1040x760\donovan_mitchell__1628378.png,downloaded,200.0,image/png
Dwayne Bacon,dwayne bacon,historical,2017,2017,1,exact_full_name,1628407.0,Dwayne Bacon,False,https://cdn.nba.com/headshots/nba/latest/1040x760/1628407.png,C:\Users\jksut\Downloads\Fun Data Testing\rsci_nlp_package_staging\nlp_draft_bias_research\outputs_llm_enhanced\headshot_cache\nba_cdn_latest_1040x760\dwayne_bacon__1628407.png,downloaded,200.0,image/png
Edmond Sumner,edmond sumner,historical,2017,2017,1,exact_full_name,1628410.0,Edmond Sumner,False,https://cdn.nba.com/headshots/nba/latest/1040x760/1628410.png,C:\Users\jksut\Downloads\Fun Data Testing\rsci_nlp_package_staging\nlp_draft_bias_research\outputs_llm_enhanced\headshot_cache\nba_cdn_latest_1040x760\edmond_sumner__1628410.png,downloaded,200.0,image/png
Frank Jackson,frank jackson,historical,2017,2017,1,exact_full_name,1628402.0,Frank Jackson,False,https://cdn.nba.com/headshots/nba/latest/1040x760/1628402.png,C:\Users\jksut\Downloads\Fun Data Testing\rsci_nlp_package_staging\nlp_draft_bias_research\outputs_llm_enhanced\headshot_cache\nba_cdn_latest_1040x760\frank_jackson__1628402.png,downloaded,200.0,image/png
Frank Mason III,frank mason,historical,2017,2017,1,exact_full_name,1628412.0,Frank Mason III,False,https://cdn.nba.com/headshots/nba/latest/1040x760/1628412.png,C:\Users\jksut\Downloads\Fun Data Testing\rsci_nlp_package_staging\nlp_draft_bias_research\outputs_llm_enhanced\headshot_cache\nba_cdn_latest_1040x760\frank_mason_iii__1628412.png,downloaded,200.0,image/png
Frank Ntilikina,frank ntilikina,historical,2017,2017,1,exact_full_name,1628373.0,Frank Ntilikina,False,https://cdn.nba.com/headshots/nba/latest/1040x760/1628373.png,C:\Users\jksut\Downloads\Fun Data Testing\rsci_nlp_package_staging\nlp_draft_bias_research\outputs_llm_enhanced\headshot_cache\nba_cdn_latest_1040x760\frank_ntilikina__1628373.png,downloaded,200.0,image/png
Harry Giles III,harry giles,historical,2017,2017,1,exact_full_name,1628385.0,Harry Giles III,False,https://cdn.nba.com/headshots/nba/latest/1040x760/1628385.png,C:\Users\jksut\Downloads\Fun Data Testing\rsci_nlp_package_staging\nlp_draft_bias_research\outputs_llm_enhanced\headshot_cache\nba_cdn_latest_1040x760\harry_giles_iii__1628385.png,downloaded,200.0,image/png
Ike Anigbogu,ike anigbogu,historical,2017,2017,1,exact_full_name,1628387.0,Ike Anigbogu,False,https://cdn.nba.com/headshots/nba/latest/1040x760/1628387.png,C:\Users\jksut\Downloads\Fun Data Testing\rsci_nlp_package_staging\nlp_draft_bias_research\outputs_llm_enhanced\headshot_cache\nba_cdn_latest_1040x760\ike_anigbogu__1628387.png,downloaded,200.0,image/png
Isaiah Hartenstein,isaiah hartenstein,historical,2017,2017,1,exact_full_name,1628392.0,Isaiah Hartenstein,True,https://cdn.nba.com/headshots/nba/latest/1040x760/1628392.png,C:\Users\jksut\Downloads\Fun Data Testing\rsci_nlp_package_staging\nlp_draft_bias_research\outputs_llm_enhanced\headshot_cache\nba_cdn_latest_1040x760\isaiah_hartenstein__1628392.png,downloaded,200.0,image/png
Ivan Rabb,ivan rabb,historical,2017,2017,1,exact_full_name,1628397.0,Ivan Rabb,False,https://cdn.nba.com/headshots/nba/latest/1040x760/1628397.png,C:\Users\jksut\Downloads\Fun Data Testing\rsci_nlp_package_staging\nlp_draft_bias_research\outputs_llm_enhanced\headshot_cache\nba_cdn_latest_1040x760\ivan_rabb__1628397.png,downloaded,200.0,image/png
Jaron Blossomgame,jaron blossomgame,historical,2017,2017,1,exact_full_name,1628417.0,Jaron Blossomgame,False,https://cdn.nba.com/headshots/nba/latest/1040x760/1628417.png,C:\Users\jksut\Downloads\Fun Data Testing\rsci_nlp_package_staging\nlp_draft_bias_research\outputs_llm_enhanced\headshot_cache\nba_cdn_latest_1040x760\jaron_blossomgame__1628417.png,downloaded,200.0,image/png
Jarrett Allen,jarrett allen,historical,2017,2017,1,exact_full_name,1628386.0,Jarrett Allen,True,https://cdn.nba.com/headshots/nba/latest/1040x760/1628386.png,C:\Users\jksut\Downloads\Fun Data Testing\rsci_nlp_package_staging\nlp_draft_bias_research\outputs_llm_enhanced\headshot_cache\nba_cdn_latest_1040x760\jarrett_allen__1628386.png,downloaded,200.0,image/png
Jawun Evans,jawun evans,historical,2017,2017,1,exact_full_name,1628393.0,Jawun Evans,False,https://cdn.nba.com/headshots/nba/latest/1040x760/1628393.png,C:\Users\jksut\Downloads\Fun Data Testing\rsci_nlp_package_staging\nlp_draft_bias_research\outputs_llm_enhanced\headshot_cache\nba_cdn_latest_1040x760\jawun_evans__1628393.png,downloaded,200.0,image/png
Jayson Tatum,jayson tatum,historical,2017,2017,1,exact_full_name,1628369.0,Jayson Tatum,True,https://cdn.nba.com/headshots/nba/latest/1040x760/1628369.png,C:\Users\jksut\Downloads\Fun Data Testing\rsci_nlp_package_staging\nlp_draft_bias_research\outputs_llm_enhanced\headshot_cache\nba_cdn_latest_1040x760\jayson_tatum__1628369.png,downloaded,200.0,image/png
John Collins,john collins,historical,2017,2017,1,exact_full_name,1628381.0,John Collins,True,https://cdn.nba.com/headshots/nba/latest/1040x760/1628381.png,C:\Users\jksut\Downloads\Fun Data Testing\rsci_nlp_package_staging\nlp_draft_bias_research\outputs_llm_enhanced\headshot_cache\nba_cdn_latest_1040x760\john_collins__1628381.png,downloaded,200.0,image/png
Jonah Bolden,jonah bolden,historical,2017,2017,1,exact_full_name,1628413.0,Jonah Bolden,False,https://cdn.nba.com/headshots/nba/latest/1040x760/1628413.png,C:\Users\jksut\Downloads\Fun Data Testing\rsci_nlp_package_staging\nlp_draft_bias_research\outputs_llm_enhanced\headshot_cache\nba_cdn_latest_1040x760\jonah_bolden__1628413.png,downloaded,200.0,image/png
Jonathan Isaac,jonathan isaac,historical,2017,2017,1,exact_full_name,1628371.0,Jonathan Isaac,True,https://cdn.nba.com/headshots/nba/latest/1040x760/1628371.png,C:\Users\jksut\Downloads\Fun Data Testing\rsci_nlp_package_staging\nlp_draft_bias_research\outputs_llm_enhanced\headshot_cache\nba_cdn_latest_1040x760\jonathan_isaac__1628371.png,downloaded,200.0,image/png
Jordan Bell,jordan bell,historical,2017,2017,1,exact_full_name,1628395.0,Jordan Bell,False,https://cdn.nba.com/headshots/nba/latest/1040x760/1628395.png,C:\Users\jksut\Downloads\Fun Data Testing\rsci_nlp_package_staging\nlp_draft_bias_research\outputs_llm_enhanced\headshot_cache\nba_cdn_latest_1040x760\jordan_bell__1628395.png,downloaded,200.0,image/png
Josh Hart,josh hart,historical,2017,2017,1,exact_full_name,1628404.0,Josh Hart,True,https://cdn.nba.com/headshots/nba/latest/1040x760/1628404.png,C:\Users\jksut\Downloads\Fun Data Testing\rsci_nlp_package_staging\nlp_draft_bias_research\outputs_llm_enhanced\headshot_cache\nba_cdn_latest_1040x760\josh_hart__1628404.png,downloaded,200.0,image/png
Josh Jackson,josh jackson,historical,2017,2017,1,exact_full_name,1628367.0,Josh Jackson,False,https://cdn.nba.com/headshots/nba/latest/1040x760/1628367.png,C:\Users\jksut\Downloads\Fun Data Testing\rsci_nlp_package_staging\nlp_draft_bias_research\outputs_llm_enhanced\headshot_cache\nba_cdn_latest_1040x760\josh_jackson__1628367.png,downloaded,200.0,image/png
Justin Jackson,justin jackson,historical,2017,2017,1,exact_full_name,1628382.0,Justin Jackson,False,https://cdn.nba.com/headshots/nba/latest/1040x760/1628382.png,C:\Users\jksut\Downloads\Fun Data Testing\rsci_nlp_package_staging\nlp_draft_bias_research\outputs_llm_enhanced\headshot_cache\nba_cdn_latest_1040x760\justin_jackson__1628382.png,downloaded,200.0,image/png
Justin Patton,justin patton,historical,2017,2017,1,exact_full_name,1628383.0,Justin Patton,False,https://cdn.nba.com/headshots/nba/latest/1040x760/1628383.png,C:\Users\jksut\Downloads\Fun Data Testing\rsci_nlp_package_staging\nlp_draft_bias_research\outputs_llm_enhanced\headshot_cache\nba_cdn_latest_1040x760\justin_patton__1628383.png,downloaded,200.0,image/png
Kadeem Allen,kadeem allen,historical,2017,2017,1,exact_full_name,1628443.0,Kadeem Allen,False,https://cdn.nba.com/headshots/nba/latest/1040x760/1628443.png,C:\Users\jksut\Downloads\Fun Data Testing\rsci_nlp_package_staging\nlp_draft_bias_research\outputs_llm_enhanced\headshot_cache\nba_cdn_latest_1040x760\kadeem_allen__1628443.png,downloaded,200.0,image/png
Kyle Kuzma,kyle kuzma,historical,2017,2017,2,exact_full_name,1628398.0,Kyle Kuzma,True,https://cdn.nba.com/headshots/nba/latest/1040x760/1628398.png,C:\Users\jksut\Downloads\Fun Data Testing\rsci_nlp_package_staging\nlp_draft_bias_research\outputs_llm_enhanced\headshot_cache\nba_cdn_latest_1040x760\kyle_kuzma__1628398.png,downloaded,200.0,image/png
Lauri Markkanen,lauri markkanen,historical,2017,2017,1,exact_full_name,1628374.0,Lauri Markkanen,True,https://cdn.nba.com/headshots/nba/latest/1040x760/1628374.png,C:\Users\jksut\Downloads\Fun Data Testing\rsci_nlp_package_staging\nlp_draft_bias_research\outputs_llm_enhanced\headshot_cache\nba_cdn_latest_1040x760\lauri_markkanen__1628374.png,downloaded,200.0,image/png
Lonzo Ball,lonzo ball,historical,2017,2017,1,exact_full_name,1628366.0,Lonzo Ball,True,https://cdn.nba.com/headshots/nba/latest/1040x760/1628366.png,C:\Users\jksut\Downloads\Fun Data Testing\rsci_nlp_package_staging\nlp_draft_bias_research\outputs_llm_enhanced\headshot_cache\nba_cdn_latest_1040x760\lonzo_ball__1628366.png,downloaded,200.0,image/png
Luke Kennard,luke kennard,historical,2017,2017,1,exact_full_name,1628379.0,Luke Kennard,True,https://cdn.nba.com/headshots/nba/latest/1040x760/1628379.png,C:\Users\jksut\Downloads\Fun Data Testing\rsci_nlp_package_staging\nlp_draft_bias_research\outputs_llm_enhanced\headshot_cache\nba_cdn_latest_1040x760\luke_kennard__1628379.png,downloaded,200.0,image/png
Malik Monk,malik monk,historical,2017,2017,1,exact_full_name,1628370.0,Malik Monk,True,https://cdn.nba.com/headshots/nba/latest/1040x760/1628370.png,C:\Users\jksut\Downloads\Fun Data Testing\rsci_nlp_package_staging\nlp_draft_bias_research\outputs_llm_enhanced\headshot_cache\nba_cdn_latest_1040x760\malik_monk__1628370.png,downloaded,200.0,image/png
Markelle Fultz,markelle fultz,historical,2017,2017,1,exact_full_name,1628365.0,Markelle Fultz,False,https://cdn.nba.com/headshots/nba/latest/1040x760/1628365.png,C:\Users\jksut\Downloads\Fun Data Testing\rsci_nlp_package_staging\nlp_draft_bias_research\outputs_llm_enhanced\headshot_cache\nba_cdn_latest_1040x760\markelle_fultz__1628365.png,downloaded,200.0,image/png
Mathias Lessort,mathias lessort,historical,2017,2017,1,unmatched,,,,,,unmatched,,
Monte Morris,monte morris,historical,2017,2017,1,exact_full_name,1628420.0,Monté Morris,True,https://cdn.nba.com/headshots/nba/latest/1040x760/1628420.png,C:\Users\jksut\Downloads\Fun Data Testing\rsci_nlp_package_staging\nlp_draft_bias_research\outputs_llm_enhanced\headshot_cache\nba_cdn_latest_1040x760\monte_morris__1628420.png,downloaded,200.0,image/png
OG Anunoby,og anunoby,historical,2017,2017,1,exact_full_name,1628384.0,OG Anunoby,True,https://cdn.nba.com/headshots/nba/latest/1040x760/1628384.png,C:\Users\jksut\Downloads\Fun Data Testing\rsci_nlp_package_staging\nlp_draft_bias_research\outputs_llm_enhanced\headshot_cache\nba_cdn_latest_1040x760\og_anunoby__1628384.png,downloaded,200.0,image/png
Semi Ojeleye,semi ojeleye,historical,2017,2017,1,exact_full_name,1628400.0,Semi Ojeleye,False,https://cdn.nba.com/headshots/nba/latest/1040x760/1628400.png,C:\Users\jksut\Downloads\Fun Data Testing\rsci_nlp_package_staging\nlp_draft_bias_research\outputs_llm_enhanced\headshot_cache\nba_cdn_latest_1040x760\semi_ojeleye__1628400.png,downloaded,200.0,image/png
Sterling Brown,sterling brown,historical,2017,2017,1,exact_full_name,1628425.0,Sterling Brown,False,https://cdn.nba.com/headshots/nba/latest/1040x760/1628425.png,C:\Users\jksut\Downloads\Fun Data Testing\rsci_nlp_package_staging\nlp_draft_bias_research\outputs_llm_enhanced\headshot_cache\nba_cdn_latest_1040x760\sterling_brown__1628425.png,downloaded,200.0,image/png
Terrance Ferguson,terrance ferguson,historical,2017,2017,1,exact_full_name,1628390.0,Terrance Ferguson,False,https://cdn.nba.com/headshots/nba/latest/1040x760/1628390.png,C:\Users\jksut\Downloads\Fun Data Testing\rsci_nlp_package_staging\nlp_draft_bias_research\outputs_llm_enhanced\headshot_cache\nba_cdn_latest_1040x760\terrance_ferguson__1628390.png,downloaded,200.0,image/png
Tony Bradley,tony bradley,historical,2017,2017,2,exact_full_name,1628396.0,Tony Bradley,True,https://cdn.nba.com/headshots/nba/latest/1040x760/1628396.png,C:\Users\jksut\Downloads\Fun Data Testing\rsci_nlp_package_staging\nlp_draft_bias_research\outputs_llm_enhanced\headshot_cache\nba_cdn_latest_1040x760\tony_bradley__1628396.png,downloaded,200.0,image/png
Tyler Dorsey,tyler dorsey,historical,2017,2017,1,exact_full_name,1628416.0,Tyler Dorsey,False,https://cdn.nba.com/headshots/nba/latest/1040x760/1628416.png,C:\Users\jksut\Downloads\Fun Data Testing\rsci_nlp_package_staging\nlp_draft_bias_research\outputs_llm_enhanced\headshot_cache\nba_cdn_latest_1040x760\tyler_dorsey__1628416.png,downloaded,200.0,image/png
Tyler Lydon,tyler lydon,historical,2017,2017,1,exact_full_name,1628399.0,Tyler Lydon,False,https://cdn.nba.com/headshots/nba/latest/1040x760/1628399.png,C:\Users\jksut\Downloads\Fun Data Testing\rsci_nlp_package_staging\nlp_draft_bias_research\outputs_llm_enhanced\headshot_cache\nba_cdn_latest_1040x760\tyler_lydon__1628399.png,downloaded,200.0,image/png
Vlatko Čančar,vlatko cancar,historical,2017,2017,1,exact_full_name,1628427.0,Vlatko Čančar,False,https://cdn.nba.com/headshots/nba/latest/1040x760/1628427.png,C:\Users\jksut\Downloads\Fun Data Testing\rsci_nlp_package_staging\nlp_draft_bias_research\outputs_llm_enhanced\headshot_cache\nba_cdn_latest_1040x760\vlatko_cancar__1628427.png,downloaded,200.0,image/png
Zach Collins,zach collins,historical,2017,2017,1,exact_full_name,1628380.0,Zach Collins,True,https://cdn.nba.com/headshots/nba/latest/1040x760/1628380.png,C:\Users\jksut\Downloads\Fun Data Testing\rsci_nlp_package_staging\nlp_draft_bias_research\outputs_llm_enhanced\headshot_cache\nba_cdn_latest_1040x760\zach_collins__1628380.png,downloaded,200.0,image/png
Aaron Holiday,aaron holiday,historical,2018,2018,2,exact_full_name,1628988.0,Aaron Holiday,True,https://cdn.nba.com/headshots/nba/latest/1040x760/1628988.png,C:\Users\jksut\Downloads\Fun Data Testing\rsci_nlp_package_staging\nlp_draft_bias_research\outputs_llm_enhanced\headshot_cache\nba_cdn_latest_1040x760\aaron_holiday__1628988.png,downloaded,200.0,image/png
Anfernee Simons,anfernee simons,historical,2018,2018,1,exact_full_name,1629014.0,Anfernee Simons,True,https://cdn.nba.com/headshots/nba/latest/1040x760/1629014.png,C:\Users\jksut\Downloads\Fun Data Testing\rsci_nlp_package_staging\nlp_draft_bias_research\outputs_llm_enhanced\headshot_cache\nba_cdn_latest_1040x760\anfernee_simons__1629014.png,downloaded,200.0,image/png
Arnoldas Kulboka,arnoldas kulboka,historical,2018,2018,1,exact_full_name,1629083.0,Arnoldas Kulboka,False,https://cdn.nba.com/headshots/nba/latest/1040x760/1629083.png,C:\Users\jksut\Downloads\Fun Data Testing\rsci_nlp_package_staging\nlp_draft_bias_research\outputs_llm_enhanced\headshot_cache\nba_cdn_latest_1040x760\arnoldas_kulboka__1629083.png,downloaded,200.0,image/png
Bruce Brown,bruce brown,historical,2018,2018,1,exact_full_name,1628971.0,Bruce Brown,True,https://cdn.nba.com/headshots/nba/latest/1040x760/1628971.png,C:\Users\jksut\Downloads\Fun Data Testing\rsci_nlp_package_staging\nlp_draft_bias_research\outputs_llm_enhanced\headshot_cache\nba_cdn_latest_1040x760\bruce_brown__1628971.png,downloaded,200.0,image/png
Chandler Hutchison,chandler hutchison,historical,2018,2018,1,exact_full_name,1628990.0,Chandler Hutchison,False,https://cdn.nba.com/headshots/nba/latest/1040x760/1628990.png,C:\Users\jksut\Downloads\Fun Data Testing\rsci_nlp_package_staging\nlp_draft_bias_research\outputs_llm_enhanced\headshot_cache\nba_cdn_latest_1040x760\chandler_hutchison__1628990.png,downloaded,200.0,image/png
Chimezie Metu,chimezie metu,historical,2018,2018,1,exact_full_name,1629002.0,Chimezie Metu,False,https://cdn.nba.com/headshots/nba/latest/1040x760/1629002.png,C:\Users\jksut\Downloads\Fun Data Testing\rsci_nlp_package_staging\nlp_draft_bias_research\outputs_llm_enhanced\headshot_cache\nba_cdn_latest_1040x760\chimezie_metu__1629002.png,downloaded,200.0,image/png
Collin Sexton,collin sexton,historical,2018,2018,1,exact_full_name,1629012.0,Collin Sexton,True,https://cdn.nba.com/headshots/nba/latest/1040x760/1629012.png,C:\Users\jksut\Downloads\Fun Data Testing\rsci_nlp_package_staging\nlp_draft_bias_research\outputs_llm_enhanced\headshot_cache\nba_cdn_latest_1040x760\collin_sexton__1629012.png,downloaded,200.0,image/png
De'Anthony Melton,de anthony melton,historical,2018,2018,1,exact_full_name,1629001.0,De'Anthony Melton,True,https://cdn.nba.com/headshots/nba/latest/1040x760/1629001.png,C:\Users\jksut\Downloads\Fun Data Testing\rsci_nlp_package_staging\nlp_draft_bias_research\outputs_llm_enhanced\headshot_cache\nba_cdn_latest_1040x760\de_anthony_melton__1629001.png,downloaded,200.0,image/png
Deandre Ayton,deandre ayton,historical,2018,2018,1,exact_full_name,1629028.0,Deandre Ayton,True,https://cdn.nba.com/headshots/nba/latest/1040x760/1629028.png,C:\Users\jksut\Downloads\Fun Data Testing\rsci_nlp_package_staging\nlp_draft_bias_research\outputs_llm_enhanced\headshot_cache\nba_cdn_latest_1040x760\deandre_ayton__1629028.png,downloaded,200.0,image/png
Devonte' Graham,devonte graham,historical,2018,2018,1,exact_full_name,1628984.0,Devonte' Graham,False,https://cdn.nba.com/headshots/nba/latest/1040x760/1628984.png,C:\Users\jksut\Downloads\Fun Data Testing\rsci_nlp_package_staging\nlp_draft_bias_research\outputs_llm_enhanced\headshot_cache\nba_cdn_latest_1040x760\devonte_graham__1628984.png,downloaded,200.0,image/png
Donte DiVincenzo,donte divincenzo,historical,2018,2018,1,exact_full_name,1628978.0,Donte DiVincenzo,True,https://cdn.nba.com/headshots/nba/latest/1040x760/1628978.png,C:\Users\jksut\Downloads\Fun Data Testing\rsci_nlp_package_staging\nlp_draft_bias_research\outputs_llm_enhanced\headshot_cache\nba_cdn_latest_1040x760\donte_divincenzo__1628978.png,downloaded,200.0,image/png
Dzanan Musa,dzanan musa,historical,2018,2018,1,exact_full_name,1629058.0,Dzanan Musa,False,https://cdn.nba.com/headshots/nba/latest/1040x760/1629058.png,C:\Users\jksut\Downloads\Fun Data Testing\rsci_nlp_package_staging\nlp_draft_bias_research\outputs_llm_enhanced\headshot_cache\nba_cdn_latest_1040x760\dzanan_musa__1629058.png,downloaded,200.0,image/png
Elie Okobo,elie okobo,historical,2018,2018,1,exact_full_name,1629059.0,Elie Okobo,False,https://cdn.nba.com/headshots/nba/latest/1040x760/1629059.png,C:\Users\jksut\Downloads\Fun Data Testing\rsci_nlp_package_staging\nlp_draft_bias_research\outputs_llm_enhanced\headshot_cache\nba_cdn_latest_1040x760\elie_okobo__1629059.png,downloaded,200.0,image/png
Gary Trent Jr.,gary trent,historical,2018,2018,1,exact_full_name,1629018.0,Gary Trent Jr.,True,https://cdn.nba.com/headshots/nba/latest/1040x760/1629018.png,C:\Users\jksut\Downloads\Fun Data Testing\rsci_nlp_package_staging\nlp_draft_bias_research\outputs_llm_enhanced\headshot_cache\nba_cdn_latest_1040x760\gary_trent_jr__1629018.png,downloaded,200.0,image/png
Grayson Allen,grayson allen,historical,2018,2018,1,exact_full_name,1628960.0,Grayson Allen,True,https://cdn.nba.com/headshots/nba/latest/1040x760/1628960.png,C:\Users\jksut\Downloads\Fun Data Testing\rsci_nlp_package_staging\nlp_draft_bias_research\outputs_llm_enhanced\headshot_cache\nba_cdn_latest_1040x760\grayson_allen__1628960.png,downloaded,200.0,image/png
Hamidou Diallo,hamidou diallo,historical,2018,2018,1,exact_full_name,1628977.0,Hamidou Diallo,False,https://cdn.nba.com/headshots/nba/latest/1040x760/1628977.png,C:\Users\jksut\Downloads\Fun Data Testing\rsci_nlp_package_staging\nlp_draft_bias_research\outputs_llm_enhanced\headshot_cache\nba_cdn_latest_1040x760\hamidou_diallo__1628977.png,downloaded,200.0,image/png
Isaac Bonga,isaac bonga,historical,2018,2018,1,exact_full_name,1629067.0,Isaac Bonga,False,https://cdn.nba.com/headshots/nba/latest/1040x760/1629067.png,C:\Users\jksut\Downloads\Fun Data Testing\rsci_nlp_package_staging\nlp_draft_bias_research\outputs_llm_enhanced\headshot_cache\nba_cdn_latest_1040x760\isaac_bonga__1629067.png,downloaded,200.0,image/png
Issuf Sanon,issuf sanon,historical,2018,2018,1,unmatched,,,,,,unmatched,,
Jacob Evans,jacob evans,historical,2018,2018,1,exact_full_name,1628980.0,Jacob Evans,False,https://cdn.nba.com/headshots/nba/latest/1040x760/1628980.png,C:\Users\jksut\Downloads\Fun Data Testing\rsci_nlp_package_staging\nlp_draft_bias_research\outputs_llm_enhanced\headshot_cache\nba_cdn_latest_1040x760\jacob_evans__1628980.png,downloaded,200.0,image/png
Jalen Brunson,jalen brunson,historical,2018,2018,2,exact_full_name,1628973.0,Jalen Brunson,True,https://cdn.nba.com/headshots/nba/latest/1040x760/1628973.png,C:\Users\jksut\Downloads\Fun Data Testing\rsci_nlp_package_staging\nlp_draft_bias_research\outputs_llm_enhanced\headshot_cache\nba_cdn_latest_1040x760\jalen_brunson__1628973.png,downloaded,200.0,image/png
Jaren Jackson Jr.,jaren jackson,historical,2018,2018,1,exact_full_name,1628991.0,Jaren Jackson Jr.,True,https://cdn.nba.com/headshots/nba/latest/1040x760/1628991.png,C:\Users\jksut\Downloads\Fun Data Testing\rsci_nlp_package_staging\nlp_draft_bias_research\outputs_llm_enhanced\headshot_cache\nba_cdn_latest_1040x760\jaren_jackson_jr__1628991.png,downloaded,200.0,image/png
Jarred Vanderbilt,jarred vanderbilt,historical,2018,2018,1,exact_full_name,1629020.0,Jarred Vanderbilt,True,https://cdn.nba.com/headshots/nba/latest/1040x760/1629020.png,C:\Users\jksut\Downloads\Fun Data Testing\rsci_nlp_package_staging\nlp_draft_bias_research\outputs_llm_enhanced\headshot_cache\nba_cdn_latest_1040x760\jarred_vanderbilt__1629020.png,downloaded,200.0,image/png
Jerome Robinson,jerome robinson,historical,2018,2018,2,exact_full_name,1629010.0,Jerome Robinson,False,https://cdn.nba.com/headshots/nba/latest/1040x760/1629010.png,C:\Users\jksut\Downloads\Fun Data Testing\rsci_nlp_package_staging\nlp_draft_bias_research\outputs_llm_enhanced\headshot_cache\nba_cdn_latest_1040x760\jerome_robinson__1629010.png,downloaded,200.0,image/png
Jevon Carter,jevon carter,historical,2018,2018,1,exact_full_name,1628975.0,Jevon Carter,True,https://cdn.nba.com/headshots/nba/latest/1040x760/1628975.png,C:\Users\jksut\Downloads\Fun Data Testing\rsci_nlp_package_staging\nlp_draft_bias_research\outputs_llm_enhanced\headshot_cache\nba_cdn_latest_1040x760\jevon_carter__1628975.png,downloaded,200.0,image/png
Josh Okogie,josh okogie,historical,2018,2018,1,exact_full_name,1629006.0,Josh Okogie,True,https://cdn.nba.com/headshots/nba/latest/1040x760/1629006.png,C:\Users\jksut\Downloads\Fun Data Testing\rsci_nlp_package_staging\nlp_draft_bias_research\outputs_llm_enhanced\headshot_cache\nba_cdn_latest_1040x760\josh_okogie__1629006.png,downloaded,200.0,image/png
Keita Bates-Diop,keita bates diop,historical,2018,2018,1,exact_full_name,1628966.0,Keita Bates-Diop,False,https://cdn.nba.com/headshots/nba/latest/1040x760/1628966.png,C:\Users\jksut\Downloads\Fun Data Testing\rsci_nlp_package_staging\nlp_draft_bias_research\outputs_llm_enhanced\headshot_cache\nba_cdn_latest_1040x760\keita_bates_diop__1628966.png,downloaded,200.0,image/png
Kevin Hervey,kevin hervey,historical,2018,2018,1,exact_full_name,1628987.0,Kevin Hervey,False,https://cdn.nba.com/headshots/nba/latest/1040x760/1628987.png,C:\Users\jksut\Downloads\Fun Data Testing\rsci_nlp_package_staging\nlp_draft_bias_research\outputs_llm_enhanced\headshot_cache\nba_cdn_latest_1040x760\kevin_hervey__1628987.png,downloaded,200.0,image/png
Kevin Huerter,kevin huerter,historical,2018,2018,1,exact_full_name,1628989.0,Kevin Huerter,True,https://cdn.nba.com/headshots/nba/latest/1040x760/1628989.png,C:\Users\jksut\Downloads\Fun Data Testing\rsci_nlp_package_staging\nlp_draft_bias_research\outputs_llm_enhanced\headshot_cache\nba_cdn_latest_1040x760\kevin_huerter__1628989.png,downloaded,200.0,image/png
Kevin Knox II,kevin knox,historical,2018,2018,1,exact_full_name,1628995.0,Kevin Knox II,False,https://cdn.nba.com/headshots/nba/latest/1040x760/1628995.png,C:\Users\jksut\Downloads\Fun Data Testing\rsci_nlp_package_staging\nlp_draft_bias_research\outputs_llm_enhanced\headshot_cache\nba_cdn_latest_1040x760\kevin_knox_ii__1628995.png,downloaded,200.0,image/png
Khyri Thomas,khyri thomas,historical,2018,2018,1,exact_full_name,1629017.0,Khyri Thomas,False,https://cdn.nba.com/headshots/nba/latest/1040x760/1629017.png,C:\Users\jksut\Downloads\Fun Data Testing\rsci_nlp_package_staging\nlp_draft_bias_research\outputs_llm_enhanced\headshot_cache\nba_cdn_latest_1040x760\khyri_thomas__1629017.png,downloaded,200.0,image/png
Landry Shamet,landry shamet,historical,2018,2018,1,exact_full_name,1629013.0,Landry Shamet,True,https://cdn.nba.com/headshots/nba/latest/1040x760/1629013.png,C:\Users\jksut\Downloads\Fun Data Testing\rsci_nlp_package_staging\nlp_draft_bias_research\outputs_llm_enhanced\headshot_cache\nba_cdn_latest_1040x760\landry_shamet__1629013.png,downloaded,200.0,image/png
Lonnie Walker IV,lonnie walker,historical,2018,2018,1,exact_full_name,1629022.0,Lonnie Walker IV,False,https://cdn.nba.com/headshots/nba/latest/1040x760/1629022.png,C:\Users\jksut\Downloads\Fun Data Testing\rsci_nlp_package_staging\nlp_draft_bias_research\outputs_llm_enhanced\headshot_cache\nba_cdn_latest_1040x760\lonnie_walker_iv__1629022.png,downloaded,200.0,image/png
Luka Dončić,luka doncic,historical,2018,2018,1,exact_full_name,1629029.0,Luka Dončić,True,https://cdn.nba.com/headshots/nba/latest/1040x760/1629029.png,C:\Users\jksut\Downloads\Fun Data Testing\rsci_nlp_package_staging\nlp_draft_bias_research\outputs_llm_enhanced\headshot_cache\nba_cdn_latest_1040x760\luka_doncic__1629029.png,downloaded,200.0,image/png
Marvin Bagley III,marvin bagley,historical,2018,2018,1,exact_full_name,1628963.0,Marvin Bagley III,True,https://cdn.nba.com/headshots/nba/latest/1040x760/1628963.png,C:\Users\jksut\Downloads\Fun Data Testing\rsci_nlp_package_staging\nlp_draft_bias_research\outputs_llm_enhanced\headshot_cache\nba_cdn_latest_1040x760\marvin_bagley_iii__1628963.png,downloaded,200.0,image/png
Melvin Frazier Jr.,melvin frazier,historical,2018,2018,1,exact_full_name,1628982.0,Melvin Frazier Jr.,False,https://cdn.nba.com/headshots/nba/latest/1040x760/1628982.png,C:\Users\jksut\Downloads\Fun Data Testing\rsci_nlp_package_staging\nlp_draft_bias_research\outputs_llm_enhanced\headshot_cache\nba_cdn_latest_1040x760\melvin_frazier_jr__1628982.png,downloaded,200.0,image/png
Michael Porter Jr.,michael porter,historical,2018,2018,1,exact_full_name,1629008.0,Michael Porter Jr.,True,https://cdn.nba.com/headshots/nba/latest/1040x760/1629008.png,C:\Users\jksut\Downloads\Fun Data Testing\rsci_nlp_package_staging\nlp_draft_bias_research\outputs_llm_enhanced\headshot_cache\nba_cdn_latest_1040x760\michael_porter_jr__1629008.png,downloaded,200.0,image/png
Mikal Bridges,mikal bridges,historical,2018,2018,1,exact_full_name,1628969.0,Mikal Bridges,True,https://cdn.nba.com/headshots/nba/latest/1040x760/1628969.png,C:\Users\jksut\Downloads\Fun Data Testing\rsci_nlp_package_staging\nlp_draft_bias_research\outputs_llm_enhanced\headshot_cache\nba_cdn_latest_1040x760\mikal_bridges__1628969.png,downloaded,200.0,image/png
Miles Bridges,miles bridges,historical,2018,2018,1,exact_full_name,1628970.0,Miles Bridges,True,https://cdn.nba.com/headshots/nba/latest/1040x760/1628970.png,C:\Users\jksut\Downloads\Fun Data Testing\rsci_nlp_package_staging\nlp_draft_bias_research\outputs_llm_enhanced\headshot_cache\nba_cdn_latest_1040x760\miles_bridges__1628970.png,downloaded,200.0,image/png
Mitchell Robinson,mitchell robinson,historical,2018,2018,1,exact_full_name,1629011.0,Mitchell Robinson,True,https://cdn.nba.com/headshots/nba/latest/1040x760/1629011.png,C:\Users\jksut\Downloads\Fun Data Testing\rsci_nlp_package_staging\nlp_draft_bias_research\outputs_llm_enhanced\headshot_cache\nba_cdn_latest_1040x760\mitchell_robinson__1629011.png,downloaded,200.0,image/png
Moritz Wagner,moritz wagner,historical,2018,2018,1,exact_full_name,1629021.0,Moritz Wagner,True,https://cdn.nba.com/headshots/nba/latest/1040x760/1629021.png,C:\Users\jksut\Downloads\Fun Data Testing\rsci_nlp_package_staging\nlp_draft_bias_research\outputs_llm_enhanced\headshot_cache\nba_cdn_latest_1040x760\moritz_wagner__1629021.png,downloaded,200.0,image/png
Omari Spellman,omari spellman,historical,2018,2018,1,exact_full_name,1629016.0,Omari Spellman,False,https://cdn.nba.com/headshots/nba/latest/1040x760/1629016.png,C:\Users\jksut\Downloads\Fun Data Testing\rsci_nlp_package_staging\nlp_draft_bias_research\outputs_llm_enhanced\headshot_cache\nba_cdn_latest_1040x760\omari_spellman__1629016.png,downloaded,200.0,image/png
Robert Williams III,robert williams,historical,2018,2018,1,exact_full_name,1629057.0,Robert Williams III,True,https://cdn.nba.com/headshots/nba/latest/1040x760/1629057.png,C:\Users\jksut\Downloads\Fun Data Testing\rsci_nlp_package_staging\nlp_draft_bias_research\outputs_llm_enhanced\headshot_cache\nba_cdn_latest_1040x760\robert_williams_iii__1629057.png,downloaded,200.0,image/png
Rodions Kurucs,rodions kurucs,historical,2018,2018,1,exact_full_name,1629066.0,Rodions Kurucs,False,https://cdn.nba.com/headshots/nba/latest/1040x760/1629066.png,C:\Users\jksut\Downloads\Fun Data Testing\rsci_nlp_package_staging\nlp_draft_bias_research\outputs_llm_enhanced\headshot_cache\nba_cdn_latest_1040x760\rodions_kurucs__1629066.png,downloaded,200.0,image/png
Shake Milton,shake milton,historical,2018,2018,1,exact_full_name,1629003.0,Shake Milton,False,https://cdn.nba.com/headshots/nba/latest/1040x760/1629003.png,C:\Users\jksut\Downloads\Fun Data Testing\rsci_nlp_package_staging\nlp_draft_bias_research\outputs_llm_enhanced\headshot_cache\nba_cdn_latest_1040x760\shake_milton__1629003.png,downloaded,200.0,image/png
Trae Young,trae young,historical,2018,2018,1,exact_full_name,1629027.0,Trae Young,True,https://cdn.nba.com/headshots/nba/latest/1040x760/1629027.png,C:\Users\jksut\Downloads\Fun Data Testing\rsci_nlp_package_staging\nlp_draft_bias_research\outputs_llm_enhanced\headshot_cache\nba_cdn_latest_1040x760\trae_young__1629027.png,downloaded,200.0,image/png
Troy Brown Jr.,troy brown,historical,2018,2018,1,exact_full_name,1628972.0,Troy Brown Jr.,False,https://cdn.nba.com/headshots/nba/latest/1040x760/1628972.png,C:\Users\jksut\Downloads\Fun Data Testing\rsci_nlp_package_staging\nlp_draft_bias_research\outputs_llm_enhanced\headshot_cache\nba_cdn_latest_1040x760\troy_brown_jr__1628972.png,downloaded,200.0,image/png
Wendell Carter Jr.,wendell carter,historical,2018,2018,1,exact_full_name,1628976.0,Wendell Carter Jr.,True,https://cdn.nba.com/headshots/nba/latest/1040x760/1628976.png,C:\Users\jksut\Downloads\Fun Data Testing\rsci_nlp_package_staging\nlp_draft_bias_research\outputs_llm_enhanced\headshot_cache\nba_cdn_latest_1040x760\wendell_carter_jr__1628976.png,downloaded,200.0,image/png
Zhaire Smith,zhaire smith,historical,2018,2018,1,exact_full_name,1629015.0,Zhaire Smith,False,https://cdn.nba.com/headshots/nba/latest/1040x760/1629015.png,C:\Users\jksut\Downloads\Fun Data Testing\rsci_nlp_package_staging\nlp_draft_bias_research\outputs_llm_enhanced\headshot_cache\nba_cdn_latest_1040x760\zhaire_smith__1629015.png,downloaded,200.0,image/png
Alen Smailagic,alen smailagic,historical,2019,2019,1,exact_full_name,1629346.0,Alen Smailagic,False,https://cdn.nba.com/headshots/nba/latest/1040x760/1629346.png,C:\Users\jksut\Downloads\Fun Data Testing\rsci_nlp_package_staging\nlp_draft_bias_research\outputs_llm_enhanced\headshot_cache\nba_cdn_latest_1040x760\alen_smailagic__1629346.png,downloaded,200.0,image/png
Bol Bol,bol bol,historical,2019,2019,2,exact_full_name,1629626.0,Bol Bol,False,https://cdn.nba.com/headshots/nba/latest/1040x760/1629626.png,C:\Users\jksut\Downloads\Fun Data Testing\rsci_nlp_package_staging\nlp_draft_bias_research\outputs_llm_enhanced\headshot_cache\nba_cdn_latest_1040x760\bol_bol__1629626.png,downloaded,200.0,image/png
Brandon Clarke,brandon clarke,historical,2019,2019,1,exact_full_name,1629634.0,Brandon Clarke,True,https://cdn.nba.com/headshots/nba/latest/1040x760/1629634.png,C:\Users\jksut\Downloads\Fun Data Testing\rsci_nlp_package_staging\nlp_draft_bias_research\outputs_llm_enhanced\headshot_cache\nba_cdn_latest_1040x760\brandon_clarke__1629634.png,downloaded,200.0,image/png
Bruno Fernando,bruno fernando,historical,2019,2019,1,exact_full_name,1628981.0,Bruno Fernando,False,https://cdn.nba.com/headshots/nba/latest/1040x760/1628981.png,C:\Users\jksut\Downloads\Fun Data Testing\rsci_nlp_package_staging\nlp_draft_bias_research\outputs_llm_enhanced\headshot_cache\nba_cdn_latest_1040x760\bruno_fernando__1628981.png,downloaded,200.0,image/png
Cameron Johnson,cameron johnson,historical,2019,2019,2,exact_full_name,1629661.0,Cameron Johnson,True,https://cdn.nba.com/headshots/nba/latest/1040x760/1629661.png,C:\Users\jksut\Downloads\Fun Data Testing\rsci_nlp_package_staging\nlp_draft_bias_research\outputs_llm_enhanced\headshot_cache\nba_cdn_latest_1040x760\cameron_johnson__1629661.png,downloaded,200.0,image/png
Carsen Edwards,carsen edwards,historical,2019,2019,1,exact_full_name,1629035.0,Carsen Edwards,False,https://cdn.nba.com/headshots/nba/latest/1040x760/1629035.png,C:\Users\jksut\Downloads\Fun Data Testing\rsci_nlp_package_staging\nlp_draft_bias_research\outputs_llm_enhanced\headshot_cache\nba_cdn_latest_1040x760\carsen_edwards__1629035.png,downloaded,200.0,image/png
Chuma Okeke,chuma okeke,historical,2019,2019,1,exact_full_name,1629643.0,Chuma Okeke,False,https://cdn.nba.com/headshots/nba/latest/1040x760/1629643.png,C:\Users\jksut\Downloads\Fun Data Testing\rsci_nlp_package_staging\nlp_draft_bias_research\outputs_llm_enhanced\headshot_cache\nba_cdn_latest_1040x760\chuma_okeke__1629643.png,downloaded,200.0,image/png
Coby White,coby white,historical,2019,2019,1,exact_full_name,1629632.0,Coby White,True,https://cdn.nba.com/headshots/nba/latest/1040x760/1629632.png,C:\Users\jksut\Downloads\Fun Data Testing\rsci_nlp_package_staging\nlp_draft_bias_research\outputs_llm_enhanced\headshot_cache\nba_cdn_latest_1040x760\coby_white__1629632.png,downloaded,200.0,image/png
Daniel Gafford,daniel gafford,historical,2019,2019,1,exact_full_name,1629655.0,Daniel Gafford,True,https://cdn.nba.com/headshots/nba/latest/1040x760/1629655.png,C:\Users\jksut\Downloads\Fun Data Testing\rsci_nlp_package_staging\nlp_draft_bias_research\outputs_llm_enhanced\headshot_cache\nba_cdn_latest_1040x760\daniel_gafford__1629655.png,downloaded,200.0,image/png
Darius Bazley,darius bazley,historical,2019,2019,2,exact_full_name,1629647.0,Darius Bazley,False,https://cdn.nba.com/headshots/nba/latest/1040x760/1629647.png,C:\Users\jksut\Downloads\Fun Data Testing\rsci_nlp_package_staging\nlp_draft_bias_research\outputs_llm_enhanced\headshot_cache\nba_cdn_latest_1040x760\darius_bazley__1629647.png,downloaded,200.0,image/png
Darius Garland,darius garland,historical,2019,2019,1,exact_full_name,1629636.0,Darius Garland,True,https://cdn.nba.com/headshots/nba/latest/1040x760/1629636.png,C:\Users\jksut\Downloads\Fun Data Testing\rsci_nlp_package_staging\nlp_draft_bias_research\outputs_llm_enhanced\headshot_cache\nba_cdn_latest_1040x760\darius_garland__1629636.png,downloaded,200.0,image/png
De'Andre Hunter,de andre hunter,historical,2019,2019,1,exact_full_name,1629631.0,De'Andre Hunter,True,https://cdn.nba.com/headshots/nba/latest/1040x760/1629631.png,C:\Users\jksut\Downloads\Fun Data Testing\rsci_nlp_package_staging\nlp_draft_bias_research\outputs_llm_enhanced\headshot_cache\nba_cdn_latest_1040x760\de_andre_hunter__1629631.png,downloaded,200.0,image/png
Dylan Windler,dylan windler,historical,2019,2019,1,exact_full_name,1629685.0,Dylan Windler,False,https://cdn.nba.com/headshots/nba/latest/1040x760/1629685.png,C:\Users\jksut\Downloads\Fun Data Testing\rsci_nlp_package_staging\nlp_draft_bias_research\outputs_llm_enhanced\headshot_cache\nba_cdn_latest_1040x760\dylan_windler__1629685.png,downloaded,200.0,image/png
Eric Paschall,eric paschall,historical,2019,2019,1,exact_full_name,1629672.0,Eric Paschall,False,https://cdn.nba.com/headshots/nba/latest/1040x760/1629672.png,C:\Users\jksut\Downloads\Fun Data Testing\rsci_nlp_package_staging\nlp_draft_bias_research\outputs_llm_enhanced\headshot_cache\nba_cdn_latest_1040x760\eric_paschall__1629672.png,downloaded,200.0,image/png
Goga Bitadze,goga bitadze,historical,2019,2019,1,exact_full_name,1629048.0,Goga Bitadze,True,https://cdn.nba.com/headshots/nba/latest/1040x760/1629048.png,C:\Users\jksut\Downloads\Fun Data Testing\rsci_nlp_package_staging\nlp_draft_bias_research\outputs_llm_enhanced\headshot_cache\nba_cdn_latest_1040x760\goga_bitadze__1629048.png,downloaded,200.0,image/png
Grant Williams,grant williams,historical,2019,2019,1,exact_full_name,1629684.0,Grant Williams,True,https://cdn.nba.com/headshots/nba/latest/1040x760/1629684.png,C:\Users\jksut\Downloads\Fun Data Testing\rsci_nlp_package_staging\nlp_draft_bias_research\outputs_llm_enhanced\headshot_cache\nba_cdn_latest_1040x760\grant_williams__1629684.png,downloaded,200.0,image/png
Isaiah Roby,isaiah roby,historical,2019,2019,1,exact_full_name,1629676.0,Isaiah Roby,False,https://cdn.nba.com/headshots/nba/latest/1040x760/1629676.png,C:\Users\jksut\Downloads\Fun Data Testing\rsci_nlp_package_staging\nlp_draft_bias_research\outputs_llm_enhanced\headshot_cache\nba_cdn_latest_1040x760\isaiah_roby__1629676.png,downloaded,200.0,image/png
Ja Morant,ja morant,historical,2019,2019,1,exact_full_name,1629630.0,Ja Morant,True,https://cdn.nba.com/headshots/nba/latest/1040x760/1629630.png,C:\Users\jksut\Downloads\Fun Data Testing\rsci_nlp_package_staging\nlp_draft_bias_research\outputs_llm_enhanced\headshot_cache\nba_cdn_latest_1040x760\ja_morant__1629630.png,downloaded,200.0,image/png
Jalen McDaniels,jalen mcdaniels,historical,2019,2019,1,exact_full_name,1629667.0,Jalen McDaniels,False,https://cdn.nba.com/headshots/nba/latest/1040x760/1629667.png,C:\Users\jksut\Downloads\Fun Data Testing\rsci_nlp_package_staging\nlp_draft_bias_research\outputs_llm_enhanced\headshot_cache\nba_cdn_latest_1040x760\jalen_mcdaniels__1629667.png,downloaded,200.0,image/png
Jarrett Culver,jarrett culver,historical,2019,2019,1,exact_full_name,1629633.0,Jarrett Culver,False,https://cdn.nba.com/headshots/nba/latest/1040x760/1629633.png,C:\Users\jksut\Downloads\Fun Data Testing\rsci_nlp_package_staging\nlp_draft_bias_research\outputs_llm_enhanced\headshot_cache\nba_cdn_latest_1040x760\jarrett_culver__1629633.png,downloaded,200.0,image/png
Jaxson Hayes,jaxson hayes,historical,2019,2019,2,exact_full_name,1629637.0,Jaxson Hayes,True,https://cdn.nba.com/headshots/nba/latest/1040x760/1629637.png,C:\Users\jksut\Downloads\Fun Data Testing\rsci_nlp_package_staging\nlp_draft_bias_research\outputs_llm_enhanced\headshot_cache\nba_cdn_latest_1040x760\jaxson_hayes__1629637.png,downloaded,200.0,image/png
Jaylen Hands,jaylen hands,historical,2019,2019,1,unmatched,,,,,,unmatched,,
Jordan Bone,jordan bone,historical,2019,2019,1,exact_full_name,1629648.0,Jordan Bone,False,https://cdn.nba.com/headshots/nba/latest/1040x760/1629648.png,C:\Users\jksut\Downloads\Fun Data Testing\rsci_nlp_package_staging\nlp_draft_bias_research\outputs_llm_enhanced\headshot_cache\nba_cdn_latest_1040x760\jordan_bone__1629648.png,downloaded,200.0,image/png
KZ Okpala,kz okpala,historical,2019,2019,1,exact_full_name,1629644.0,KZ Okpala,False,https://cdn.nba.com/headshots/nba/latest/1040x760/1629644.png,C:\Users\jksut\Downloads\Fun Data Testing\rsci_nlp_package_staging\nlp_draft_bias_research\outputs_llm_enhanced\headshot_cache\nba_cdn_latest_1040x760\kz_okpala__1629644.png,downloaded,200.0,image/png
Keldon Johnson,keldon johnson,historical,2019,2019,1,exact_full_name,1629640.0,Keldon Johnson,True,https://cdn.nba.com/headshots/nba/latest/1040x760/1629640.png,C:\Users\jksut\Downloads\Fun Data Testing\rsci_nlp_package_staging\nlp_draft_bias_research\outputs_llm_enhanced\headshot_cache\nba_cdn_latest_1040x760\keldon_johnson__1629640.png,downloaded,200.0,image/png
Kevin Porter Jr.,kevin porter,historical,2019,2019,1,exact_full_name,1629645.0,Kevin Porter Jr.,True,https://cdn.nba.com/headshots/nba/latest/1040x760/1629645.png,C:\Users\jksut\Downloads\Fun Data Testing\rsci_nlp_package_staging\nlp_draft_bias_research\outputs_llm_enhanced\headshot_cache\nba_cdn_latest_1040x760\kevin_porter_jr__1629645.png,downloaded,200.0,image/png
Kyle Guy,kyle guy,historical,2019,2019,1,exact_full_name,1629657.0,Kyle Guy,False,https://cdn.nba.com/headshots/nba/latest/1040x760/1629657.png,C:\Users\jksut\Downloads\Fun Data Testing\rsci_nlp_package_staging\nlp_draft_bias_research\outputs_llm_enhanced\headshot_cache\nba_cdn_latest_1040x760\kyle_guy__1629657.png,downloaded,200.0,image/png
Luka Samanic,luka samanic,historical,2019,2019,1,exact_full_name,1629677.0,Luka Samanic,False,https://cdn.nba.com/headshots/nba/latest/1040x760/1629677.png,C:\Users\jksut\Downloads\Fun Data Testing\rsci_nlp_package_staging\nlp_draft_bias_research\outputs_llm_enhanced\headshot_cache\nba_cdn_latest_1040x760\luka_samanic__1629677.png,downloaded,200.0,image/png
Marial Shayok,marial shayok,historical,2019,2019,1,exact_full_name,1629621.0,Marial Shayok,False,https://cdn.nba.com/headshots/nba/latest/1040x760/1629621.png,C:\Users\jksut\Downloads\Fun Data Testing\rsci_nlp_package_staging\nlp_draft_bias_research\outputs_llm_enhanced\headshot_cache\nba_cdn_latest_1040x760\marial_shayok__1629621.png,downloaded,200.0,image/png
Matisse Thybulle,matisse thybulle,historical,2019,2019,1,exact_full_name,1629680.0,Matisse Thybulle,True,https://cdn.nba.com/headshots/nba/latest/1040x760/1629680.png,C:\Users\jksut\Downloads\Fun Data Testing\rsci_nlp_package_staging\nlp_draft_bias_research\outputs_llm_enhanced\headshot_cache\nba_cdn_latest_1040x760\matisse_thybulle__1629680.png,downloaded,200.0,image/png
Mfiondu Kabengele,mfiondu kabengele,historical,2019,2019,1,exact_full_name,1629662.0,Mfiondu Kabengele,False,https://cdn.nba.com/headshots/nba/latest/1040x760/1629662.png,C:\Users\jksut\Downloads\Fun Data Testing\rsci_nlp_package_staging\nlp_draft_bias_research\outputs_llm_enhanced\headshot_cache\nba_cdn_latest_1040x760\mfiondu_kabengele__1629662.png,downloaded,200.0,image/png
Nassir Little,nassir little,historical,2019,2019,2,exact_full_name,1629642.0,Nassir Little,False,https://cdn.nba.com/headshots/nba/latest/1040x760/1629642.png,C:\Users\jksut\Downloads\Fun Data Testing\rsci_nlp_package_staging\nlp_draft_bias_research\outputs_llm_enhanced\headshot_cache\nba_cdn_latest_1040x760\nassir_little__1629642.png,downloaded,200.0,image/png
RJ Barrett,rj barrett,historical,2019,2019,1,exact_full_name,1629628.0,RJ Barrett,True,https://cdn.nba.com/headshots/nba/latest/1040x760/1629628.png,C:\Users\jksut\Downloads\Fun Data Testing\rsci_nlp_package_staging\nlp_draft_bias_research\outputs_llm_enhanced\headshot_cache\nba_cdn_latest_1040x760\rj_barrett__1629628.png,downloaded,200.0,image/png
Romeo Langford,romeo langford,historical,2019,2019,1,exact_full_name,1629641.0,Romeo Langford,False,https://cdn.nba.com/headshots/nba/latest/1040x760/1629641.png,C:\Users\jksut\Downloads\Fun Data Testing\rsci_nlp_package_staging\nlp_draft_bias_research\outputs_llm_enhanced\headshot_cache\nba_cdn_latest_1040x760\romeo_langford__1629641.png,downloaded,200.0,image/png
Rui Hachimura,rui hachimura,historical,2019,2019,1,exact_full_name,1629060.0,Rui Hachimura,True,https://cdn.nba.com/headshots/nba/latest/1040x760/1629060.png,C:\Users\jksut\Downloads\Fun Data Testing\rsci_nlp_package_staging\nlp_draft_bias_research\outputs_llm_enhanced\headshot_cache\nba_cdn_latest_1040x760\rui_hachimura__1629060.png,downloaded,200.0,image/png
Sekou Doumbouya,sekou doumbouya,historical,2019,2019,1,exact_full_name,1629635.0,Sekou Doumbouya,False,https://cdn.nba.com/headshots/nba/latest/1040x760/1629635.png,C:\Users\jksut\Downloads\Fun Data Testing\rsci_nlp_package_staging\nlp_draft_bias_research\outputs_llm_enhanced\headshot_cache\nba_cdn_latest_1040x760\sekou_doumbouya__1629635.png,downloaded,200.0,image/png
Terance Mann,terance mann,historical,2019,2019,1,exact_full_name,1629611.0,Terance Mann,True,https://cdn.nba.com/headshots/nba/latest/1040x760/1629611.png,C:\Users\jksut\Downloads\Fun Data Testing\rsci_nlp_package_staging\nlp_draft_bias_research\outputs_llm_enhanced\headshot_cache\nba_cdn_latest_1040x760\terance_mann__1629611.png,downloaded,200.0,image/png
Tremont Waters,tremont waters,historical,2019,2019,1,exact_full_name,1629682.0,Tremont Waters,False,https://cdn.nba.com/headshots/nba/latest/1040x760/1629682.png,C:\Users\jksut\Downloads\Fun Data Testing\rsci_nlp_package_staging\nlp_draft_bias_research\outputs_llm_enhanced\headshot_cache\nba_cdn_latest_1040x760\tremont_waters__1629682.png,downloaded,200.0,image/png
Ty Jerome,ty jerome,historical,2019,2019,1,exact_full_name,1629660.0,Ty Jerome,True,https://cdn.nba.com/headshots/nba/latest/1040x760/1629660.png,C:\Users\jksut\Downloads\Fun Data Testing\rsci_nlp_package_staging\nlp_draft_bias_research\outputs_llm_enhanced\headshot_cache\nba_cdn_latest_1040x760\ty_jerome__1629660.png,downloaded,200.0,image/png
Tyler Herro,tyler herro,historical,2019,2019,1,exact_full_name,1629639.0,Tyler Herro,True,https://cdn.nba.com/headshots/nba/latest/1040x760/1629639.png,C:\Users\jksut\Downloads\Fun Data Testing\rsci_nlp_package_staging\nlp_draft_bias_research\outputs_llm_enhanced\headshot_cache\nba_cdn_latest_1040x760\tyler_herro__1629639.png,downloaded,200.0,image/png
Zion Williamson,zion williamson,historical,2019,2019,1,exact_full_name,1629627.0,Zion Williamson,True,https://cdn.nba.com/headshots/nba/latest/1040x760/1629627.png,C:\Users\jksut\Downloads\Fun Data Testing\rsci_nlp_package_staging\nlp_draft_bias_research\outputs_llm_enhanced\headshot_cache\nba_cdn_latest_1040x760\zion_williamson__1629627.png,downloaded,200.0,image/png
Aaron Nesmith,aaron nesmith,historical,2020,2020,2,exact_full_name,1630174.0,Aaron Nesmith,True,https://cdn.nba.com/headshots/nba/latest/1040x760/1630174.png,C:\Users\jksut\Downloads\Fun Data Testing\rsci_nlp_package_staging\nlp_draft_bias_research\outputs_llm_enhanced\headshot_cache\nba_cdn_latest_1040x760\aaron_nesmith__1630174.png,downloaded,200.0,image/png
Aleksej Pokusevski,aleksej pokusevski,historical,2020,2020,2,exact_full_name,1630197.0,Aleksej Pokusevski,False,https://cdn.nba.com/headshots/nba/latest/1040x760/1630197.png,C:\Users\jksut\Downloads\Fun Data Testing\rsci_nlp_package_staging\nlp_draft_bias_research\outputs_llm_enhanced\headshot_cache\nba_cdn_latest_1040x760\aleksej_pokusevski__1630197.png,downloaded,200.0,image/png
Anthony Edwards,anthony edwards,historical,2020,2020,2,exact_full_name,1630162.0,Anthony Edwards,True,https://cdn.nba.com/headshots/nba/latest/1040x760/1630162.png,C:\Users\jksut\Downloads\Fun Data Testing\rsci_nlp_package_staging\nlp_draft_bias_research\outputs_llm_enhanced\headshot_cache\nba_cdn_latest_1040x760\anthony_edwards__1630162.png,downloaded,200.0,image/png
Cassius Stanley,cassius stanley,historical,2020,2020,1,exact_full_name,1630199.0,Cassius Stanley,False,https://cdn.nba.com/headshots/nba/latest/1040x760/1630199.png,C:\Users\jksut\Downloads\Fun Data Testing\rsci_nlp_package_staging\nlp_draft_bias_research\outputs_llm_enhanced\headshot_cache\nba_cdn_latest_1040x760\cassius_stanley__1630199.png,downloaded,200.0,image/png
Cassius Winston,cassius winston,historical,2020,2020,1,exact_full_name,1630216.0,Cassius Winston,False,https://cdn.nba.com/headshots/nba/latest/1040x760/1630216.png,C:\Users\jksut\Downloads\Fun Data Testing\rsci_nlp_package_staging\nlp_draft_bias_research\outputs_llm_enhanced\headshot_cache\nba_cdn_latest_1040x760\cassius_winston__1630216.png,downloaded,200.0,image/png
Cole Anthony,cole anthony,historical,2020,2020,1,exact_full_name,1630175.0,Cole Anthony,True,https://cdn.nba.com/headshots/nba/latest/1040x760/1630175.png,C:\Users\jksut\Downloads\Fun Data Testing\rsci_nlp_package_staging\nlp_draft_bias_research\outputs_llm_enhanced\headshot_cache\nba_cdn_latest_1040x760\cole_anthony__1630175.png,downloaded,200.0,image/png
Daniel Oturu,daniel oturu,historical,2020,2020,1,exact_full_name,1630187.0,Daniel Oturu,False,https://cdn.nba.com/headshots/nba/latest/1040x760/1630187.png,C:\Users\jksut\Downloads\Fun Data Testing\rsci_nlp_package_staging\nlp_draft_bias_research\outputs_llm_enhanced\headshot_cache\nba_cdn_latest_1040x760\daniel_oturu__1630187.png,downloaded,200.0,image/png
Deni Avdija,deni avdija,historical,2020,2020,1,exact_full_name,1630166.0,Deni Avdija,True,https://cdn.nba.com/headshots/nba/latest/1040x760/1630166.png,C:\Users\jksut\Downloads\Fun Data Testing\rsci_nlp_package_staging\nlp_draft_bias_research\outputs_llm_enhanced\headshot_cache\nba_cdn_latest_1040x760\deni_avdija__1630166.png,downloaded,200.0,image/png
Desmond Bane,desmond bane,historical,2020,2020,1,exact_full_name,1630217.0,Desmond Bane,True,https://cdn.nba.com/headshots/nba/latest/1040x760/1630217.png,C:\Users\jksut\Downloads\Fun Data Testing\rsci_nlp_package_staging\nlp_draft_bias_research\outputs_llm_enhanced\headshot_cache\nba_cdn_latest_1040x760\desmond_bane__1630217.png,downloaded,200.0,image/png
Devin Vassell,devin vassell,historical,2020,2020,2,exact_full_name,1630170.0,Devin Vassell,True,https://cdn.nba.com/headshots/nba/latest/1040x760/1630170.png,C:\Users\jksut\Downloads\Fun Data Testing\rsci_nlp_package_staging\nlp_draft_bias_research\outputs_llm_enhanced\headshot_cache\nba_cdn_latest_1040x760\devin_vassell__1630170.png,downloaded,200.0,image/png
Elijah Hughes,elijah hughes,historical,2020,2020,1,exact_full_name,1630190.0,Elijah Hughes,False,https://cdn.nba.com/headshots/nba/latest/1040x760/1630190.png,C:\Users\jksut\Downloads\Fun Data Testing\rsci_nlp_package_staging\nlp_draft_bias_research\outputs_llm_enhanced\headshot_cache\nba_cdn_latest_1040x760\elijah_hughes__1630190.png,downloaded,200.0,image/png
Immanuel Quickley,immanuel quickley,historical,2020,2020,1,exact_full_name,1630193.0,Immanuel Quickley,True,https://cdn.nba.com/headshots/nba/latest/1040x760/1630193.png,C:\Users\jksut\Downloads\Fun Data Testing\rsci_nlp_package_staging\nlp_draft_bias_research\outputs_llm_enhanced\headshot_cache\nba_cdn_latest_1040x760\immanuel_quickley__1630193.png,downloaded,200.0,image/png
Isaac Okoro,isaac okoro,historical,2020,2020,2,exact_full_name,1630171.0,Isaac Okoro,True,https://cdn.nba.com/headshots/nba/latest/1040x760/1630171.png,C:\Users\jksut\Downloads\Fun Data Testing\rsci_nlp_package_staging\nlp_draft_bias_research\outputs_llm_enhanced\headshot_cache\nba_cdn_latest_1040x760\isaac_okoro__1630171.png,downloaded,200.0,image/png
Isaiah Joe,isaiah joe,historical,2020,2020,1,exact_full_name,1630198.0,Isaiah Joe,True,https://cdn.nba.com/headshots/nba/latest/1040x760/1630198.png,C:\Users\jksut\Downloads\Fun Data Testing\rsci_nlp_package_staging\nlp_draft_bias_research\outputs_llm_enhanced\headshot_cache\nba_cdn_latest_1040x760\isaiah_joe__1630198.png,downloaded,200.0,image/png
Isaiah Stewart,isaiah stewart,historical,2020,2020,3,exact_full_name,1630191.0,Isaiah Stewart,True,https://cdn.nba.com/headshots/nba/latest/1040x760/1630191.png,C:\Users\jksut\Downloads\Fun Data Testing\rsci_nlp_package_staging\nlp_draft_bias_research\outputs_llm_enhanced\headshot_cache\nba_cdn_latest_1040x760\isaiah_stewart__1630191.png,downloaded,200.0,image/png
Jaden McDaniels,jaden mcdaniels,historical,2020,2020,3,exact_full_name,1630183.0,Jaden McDaniels,True,https://cdn.nba.com/headshots/nba/latest/1040x760/1630183.png,C:\Users\jksut\Downloads\Fun Data Testing\rsci_nlp_package_staging\nlp_draft_bias_research\outputs_llm_enhanced\headshot_cache\nba_cdn_latest_1040x760\jaden_mcdaniels__1630183.png,downloaded,200.0,image/png
Jahmi'us Ramsey,jahmi us ramsey,historical,2020,2020,1,exact_full_name,1630186.0,Jahmi'us Ramsey,False,https://cdn.nba.com/headshots/nba/latest/1040x760/1630186.png,C:\Users\jksut\Downloads\Fun Data Testing\rsci_nlp_package_staging\nlp_draft_bias_research\outputs_llm_enhanced\headshot_cache\nba_cdn_latest_1040x760\jahmi_us_ramsey__1630186.png,downloaded,200.0,image/png
Jalen Smith,jalen smith,historical,2020,2020,2,exact_full_name,1630188.0,Jalen Smith,True,https://cdn.nba.com/headshots/nba/latest/1040x760/1630188.png,C:\Users\jksut\Downloads\Fun Data Testing\rsci_nlp_package_staging\nlp_draft_bias_research\outputs_llm_enhanced\headshot_cache\nba_cdn_latest_1040x760\jalen_smith__1630188.png,downloaded,200.0,image/png
James Wiseman,james wiseman,historical,2020,2020,2,exact_full_name,1630164.0,James Wiseman,True,https://cdn.nba.com/headshots/nba/latest/1040x760/1630164.png,C:\Users\jksut\Downloads\Fun Data Testing\rsci_nlp_package_staging\nlp_draft_bias_research\outputs_llm_enhanced\headshot_cache\nba_cdn_latest_1040x760\james_wiseman__1630164.png,downloaded,200.0,image/png
Jay Scrubb,jay scrubb,historical,2020,2020,1,exact_full_name,1630206.0,Jay Scrubb,False,https://cdn.nba.com/headshots/nba/latest/1040x760/1630206.png,C:\Users\jksut\Downloads\Fun Data Testing\rsci_nlp_package_staging\nlp_draft_bias_research\outputs_llm_enhanced\headshot_cache\nba_cdn_latest_1040x760\jay_scrubb__1630206.png,downloaded,200.0,image/png
Jordan Nwora,jordan nwora,historical,2020,2020,1,exact_full_name,1629670.0,Jordan Nwora,False,https://cdn.nba.com/headshots/nba/latest/1040x760/1629670.png,C:\Users\jksut\Downloads\Fun Data Testing\rsci_nlp_package_staging\nlp_draft_bias_research\outputs_llm_enhanced\headshot_cache\nba_cdn_latest_1040x760\jordan_nwora__1629670.png,downloaded,200.0,image/png
Josh Green,josh green,historical,2020,2020,2,exact_full_name,1630182.0,Josh Green,True,https://cdn.nba.com/headshots/nba/latest/1040x760/1630182.png,C:\Users\jksut\Downloads\Fun Data Testing\rsci_nlp_package_staging\nlp_draft_bias_research\outputs_llm_enhanced\headshot_cache\nba_cdn_latest_1040x760\josh_green__1630182.png,downloaded,200.0,image/png
Killian Hayes,killian hayes,historical,2020,2020,2,exact_full_name,1630165.0,Killian Hayes,False,https://cdn.nba.com/headshots/nba/latest/1040x760/1630165.png,C:\Users\jksut\Downloads\Fun Data Testing\rsci_nlp_package_staging\nlp_draft_bias_research\outputs_llm_enhanced\headshot_cache\nba_cdn_latest_1040x760\killian_hayes__1630165.png,downloaded,200.0,image/png
Kira Lewis Jr.,kira lewis,historical,2020,2020,1,exact_full_name,1630184.0,Kira Lewis Jr.,False,https://cdn.nba.com/headshots/nba/latest/1040x760/1630184.png,C:\Users\jksut\Downloads\Fun Data Testing\rsci_nlp_package_staging\nlp_draft_bias_research\outputs_llm_enhanced\headshot_cache\nba_cdn_latest_1040x760\kira_lewis_jr__1630184.png,downloaded,200.0,image/png
LaMelo Ball,lamelo ball,historical,2020,2020,2,exact_full_name,1630163.0,LaMelo Ball,True,https://cdn.nba.com/headshots/nba/latest/1040x760/1630163.png,C:\Users\jksut\Downloads\Fun Data Testing\rsci_nlp_package_staging\nlp_draft_bias_research\outputs_llm_enhanced\headshot_cache\nba_cdn_latest_1040x760\lamelo_ball__1630163.png,downloaded,200.0,image/png
Leandro Bolmaro,leandro bolmaro,historical,2020,2020,2,exact_full_name,1630195.0,Leandro Bolmaro,False,https://cdn.nba.com/headshots/nba/latest/1040x760/1630195.png,C:\Users\jksut\Downloads\Fun Data Testing\rsci_nlp_package_staging\nlp_draft_bias_research\outputs_llm_enhanced\headshot_cache\nba_cdn_latest_1040x760\leandro_bolmaro__1630195.png,downloaded,200.0,image/png
Malachi Flynn,malachi flynn,historical,2020,2020,1,exact_full_name,1630201.0,Malachi Flynn,False,https://cdn.nba.com/headshots/nba/latest/1040x760/1630201.png,C:\Users\jksut\Downloads\Fun Data Testing\rsci_nlp_package_staging\nlp_draft_bias_research\outputs_llm_enhanced\headshot_cache\nba_cdn_latest_1040x760\malachi_flynn__1630201.png,downloaded,200.0,image/png
Marko Simonovic,marko simonovic,historical,2020,2020,1,exact_full_name,1630250.0,Marko Simonovic,False,https://cdn.nba.com/headshots/nba/latest/1040x760/1630250.png,C:\Users\jksut\Downloads\Fun Data Testing\rsci_nlp_package_staging\nlp_draft_bias_research\outputs_llm_enhanced\headshot_cache\nba_cdn_latest_1040x760\marko_simonovic__1630250.png,downloaded,200.0,image/png
Nick Richards,nick richards,historical,2020,2020,1,exact_full_name,1630208.0,Nick Richards,True,https://cdn.nba.com/headshots/nba/latest/1040x760/1630208.png,C:\Users\jksut\Downloads\Fun Data Testing\rsci_nlp_package_staging\nlp_draft_bias_research\outputs_llm_enhanced\headshot_cache\nba_cdn_latest_1040x760\nick_richards__1630208.png,downloaded,200.0,image/png
Nico Mannion,nico mannion,historical,2020,2020,1,exact_full_name,1630185.0,Nico Mannion,False,https://cdn.nba.com/headshots/nba/latest/1040x760/1630185.png,C:\Users\jksut\Downloads\Fun Data Testing\rsci_nlp_package_staging\nlp_draft_bias_research\outputs_llm_enhanced\headshot_cache\nba_cdn_latest_1040x760\nico_mannion__1630185.png,downloaded,200.0,image/png
Obi Toppin,obi toppin,historical,2020,2020,2,exact_full_name,1630167.0,Obi Toppin,True,https://cdn.nba.com/headshots/nba/latest/1040x760/1630167.png,C:\Users\jksut\Downloads\Fun Data Testing\rsci_nlp_package_staging\nlp_draft_bias_research\outputs_llm_enhanced\headshot_cache\nba_cdn_latest_1040x760\obi_toppin__1630167.png,downloaded,200.0,image/png
Onyeka Okongwu,onyeka okongwu,historical,2020,2020,2,exact_full_name,1630168.0,Onyeka Okongwu,True,https://cdn.nba.com/headshots/nba/latest/1040x760/1630168.png,C:\Users\jksut\Downloads\Fun Data Testing\rsci_nlp_package_staging\nlp_draft_bias_research\outputs_llm_enhanced\headshot_cache\nba_cdn_latest_1040x760\onyeka_okongwu__1630168.png,downloaded,200.0,image/png
Patrick Williams,patrick williams,historical,2020,2020,2,exact_full_name,1630172.0,Patrick Williams,True,https://cdn.nba.com/headshots/nba/latest/1040x760/1630172.png,C:\Users\jksut\Downloads\Fun Data Testing\rsci_nlp_package_staging\nlp_draft_bias_research\outputs_llm_enhanced\headshot_cache\nba_cdn_latest_1040x760\patrick_williams__1630172.png,downloaded,200.0,image/png
Paul Reed,paul reed,historical,2020,2020,1,exact_full_name,1630194.0,Paul Reed,True,https://cdn.nba.com/headshots/nba/latest/1040x760/1630194.png,C:\Users\jksut\Downloads\Fun Data Testing\rsci_nlp_package_staging\nlp_draft_bias_research\outputs_llm_enhanced\headshot_cache\nba_cdn_latest_1040x760\paul_reed__1630194.png,downloaded,200.0,image/png
Payton Pritchard,payton pritchard,historical,2020,2020,1,exact_full_name,1630202.0,Payton Pritchard,True,https://cdn.nba.com/headshots/nba/latest/1040x760/1630202.png,C:\Users\jksut\Downloads\Fun Data Testing\rsci_nlp_package_staging\nlp_draft_bias_research\outputs_llm_enhanced\headshot_cache\nba_cdn_latest_1040x760\payton_pritchard__1630202.png,downloaded,200.0,image/png
Precious Achiuwa,precious achiuwa,historical,2020,2020,1,exact_full_name,1630173.0,Precious Achiuwa,True,https://cdn.nba.com/headshots/nba/latest/1040x760/1630173.png,C:\Users\jksut\Downloads\Fun Data Testing\rsci_nlp_package_staging\nlp_draft_bias_research\outputs_llm_enhanced\headshot_cache\nba_cdn_latest_1040x760\precious_achiuwa__1630173.png,downloaded,200.0,image/png
Reggie Perry,reggie perry,historical,2020,2020,1,exact_full_name,1629617.0,Reggie Perry,False,https://cdn.nba.com/headshots/nba/latest/1040x760/1629617.png,C:\Users\jksut\Downloads\Fun Data Testing\rsci_nlp_package_staging\nlp_draft_bias_research\outputs_llm_enhanced\headshot_cache\nba_cdn_latest_1040x760\reggie_perry__1629617.png,downloaded,200.0,image/png
Robert Woodard II,robert woodard,historical,2020,2020,1,exact_full_name,1630218.0,Robert Woodard II,False,https://cdn.nba.com/headshots/nba/latest/1040x760/1630218.png,C:\Users\jksut\Downloads\Fun Data Testing\rsci_nlp_package_staging\nlp_draft_bias_research\outputs_llm_enhanced\headshot_cache\nba_cdn_latest_1040x760\robert_woodard_ii__1630218.png,downloaded,200.0,image/png
Saddiq Bey,saddiq bey,historical,2020,2020,2,exact_full_name,1630180.0,Saddiq Bey,True,https://cdn.nba.com/headshots/nba/latest/1040x760/1630180.png,C:\Users\jksut\Downloads\Fun Data Testing\rsci_nlp_package_staging\nlp_draft_bias_research\outputs_llm_enhanced\headshot_cache\nba_cdn_latest_1040x760\saddiq_bey__1630180.png,downloaded,200.0,image/png
Theo Maledon,theo maledon,historical,2020,2020,2,exact_full_name,1630177.0,Theo Maledon,False,https://cdn.nba.com/headshots/nba/latest/1040x760/1630177.png,C:\Users\jksut\Downloads\Fun Data Testing\rsci_nlp_package_staging\nlp_draft_bias_research\outputs_llm_enhanced\headshot_cache\nba_cdn_latest_1040x760\theo_maledon__1630177.png,downloaded,200.0,image/png
Tre Jones,tre jones,historical,2020,2020,1,exact_full_name,1630200.0,Tre Jones,True,https://cdn.nba.com/headshots/nba/latest/1040x760/1630200.png,C:\Users\jksut\Downloads\Fun Data Testing\rsci_nlp_package_staging\nlp_draft_bias_research\outputs_llm_enhanced\headshot_cache\nba_cdn_latest_1040x760\tre_jones__1630200.png,downloaded,200.0,image/png
Tyler Bey,tyler bey,historical,2020,2020,1,exact_full_name,1630189.0,Tyler Bey,False,https://cdn.nba.com/headshots/nba/latest/1040x760/1630189.png,C:\Users\jksut\Downloads\Fun Data Testing\rsci_nlp_package_staging\nlp_draft_bias_research\outputs_llm_enhanced\headshot_cache\nba_cdn_latest_1040x760\tyler_bey__1630189.png,downloaded,200.0,image/png
Tyrell Terry,tyrell terry,historical,2020,2020,1,exact_full_name,1630179.0,Tyrell Terry,False,https://cdn.nba.com/headshots/nba/latest/1040x760/1630179.png,C:\Users\jksut\Downloads\Fun Data Testing\rsci_nlp_package_staging\nlp_draft_bias_research\outputs_llm_enhanced\headshot_cache\nba_cdn_latest_1040x760\tyrell_terry__1630179.png,downloaded,200.0,image/png
Tyrese Haliburton,tyrese haliburton,historical,2020,2020,2,exact_full_name,1630169.0,Tyrese Haliburton,True,https://cdn.nba.com/headshots/nba/latest/1040x760/1630169.png,C:\Users\jksut\Downloads\Fun Data Testing\rsci_nlp_package_staging\nlp_draft_bias_research\outputs_llm_enhanced\headshot_cache\nba_cdn_latest_1040x760\tyrese_haliburton__1630169.png,downloaded,200.0,image/png
Tyrese Maxey,tyrese maxey,historical,2020,2020,2,exact_full_name,1630178.0,Tyrese Maxey,True,https://cdn.nba.com/headshots/nba/latest/1040x760/1630178.png,C:\Users\jksut\Downloads\Fun Data Testing\rsci_nlp_package_staging\nlp_draft_bias_research\outputs_llm_enhanced\headshot_cache\nba_cdn_latest_1040x760\tyrese_maxey__1630178.png,downloaded,200.0,image/png
Udoka Azubuike,udoka azubuike,historical,2020,2020,1,exact_full_name,1628962.0,Udoka Azubuike,False,https://cdn.nba.com/headshots/nba/latest/1040x760/1628962.png,C:\Users\jksut\Downloads\Fun Data Testing\rsci_nlp_package_staging\nlp_draft_bias_research\outputs_llm_enhanced\headshot_cache\nba_cdn_latest_1040x760\udoka_azubuike__1628962.png,downloaded,200.0,image/png
Vernon Carey Jr.,vernon carey,historical,2020,2020,1,exact_full_name,1630176.0,Vernon Carey Jr.,False,https://cdn.nba.com/headshots/nba/latest/1040x760/1630176.png,C:\Users\jksut\Downloads\Fun Data Testing\rsci_nlp_package_staging\nlp_draft_bias_research\outputs_llm_enhanced\headshot_cache\nba_cdn_latest_1040x760\vernon_carey_jr__1630176.png,downloaded,200.0,image/png
Yam Madar,yam madar,historical,2020,2020,1,unmatched,,,,,,unmatched,,
Zeke Nnaji,zeke nnaji,historical,2020,2020,1,exact_full_name,1630192.0,Zeke Nnaji,True,https://cdn.nba.com/headshots/nba/latest/1040x760/1630192.png,C:\Users\jksut\Downloads\Fun Data Testing\rsci_nlp_package_staging\nlp_draft_bias_research\outputs_llm_enhanced\headshot_cache\nba_cdn_latest_1040x760\zeke_nnaji__1630192.png,downloaded,200.0,image/png
Aaron Wiggins,aaron wiggins,historical,2021,2021,1,exact_full_name,1630598.0,Aaron Wiggins,True,https://cdn.nba.com/headshots/nba/latest/1040x760/1630598.png,C:\Users\jksut\Downloads\Fun Data Testing\rsci_nlp_package_staging\nlp_draft_bias_research\outputs_llm_enhanced\headshot_cache\nba_cdn_latest_1040x760\aaron_wiggins__1630598.png,downloaded,200.0,image/png
Alperen Sengun,alperen sengun,historical,2021,2021,1,exact_full_name,1630578.0,Alperen Sengun,True,https://cdn.nba.com/headshots/nba/latest/1040x760/1630578.png,C:\Users\jksut\Downloads\Fun Data Testing\rsci_nlp_package_staging\nlp_draft_bias_research\outputs_llm_enhanced\headshot_cache\nba_cdn_latest_1040x760\alperen_sengun__1630578.png,downloaded,200.0,image/png
Ayo Dosunmu,ayo dosunmu,historical,2021,2021,1,exact_full_name,1630245.0,Ayo Dosunmu,True,https://cdn.nba.com/headshots/nba/latest/1040x760/1630245.png,C:\Users\jksut\Downloads\Fun Data Testing\rsci_nlp_package_staging\nlp_draft_bias_research\outputs_llm_enhanced\headshot_cache\nba_cdn_latest_1040x760\ayo_dosunmu__1630245.png,downloaded,200.0,image/png
Cade Cunningham,cade cunningham,historical,2021,2021,1,exact_full_name,1630595.0,Cade Cunningham,True,https://cdn.nba.com/headshots/nba/latest/1040x760/1630595.png,C:\Users\jksut\Downloads\Fun Data Testing\rsci_nlp_package_staging\nlp_draft_bias_research\outputs_llm_enhanced\headshot_cache\nba_cdn_latest_1040x760\cade_cunningham__1630595.png,downloaded,200.0,image/png
Charles Bassey,charles bassey,historical,2021,2021,1,exact_full_name,1629646.0,Charles Bassey,True,https://cdn.nba.com/headshots/nba/latest/1040x760/1629646.png,C:\Users\jksut\Downloads\Fun Data Testing\rsci_nlp_package_staging\nlp_draft_bias_research\outputs_llm_enhanced\headshot_cache\nba_cdn_latest_1040x760\charles_bassey__1629646.png,downloaded,200.0,image/png
Chris Duarte,chris duarte,historical,2021,2021,1,exact_full_name,1630537.0,Chris Duarte,False,https://cdn.nba.com/headshots/nba/latest/1040x760/1630537.png,C:\Users\jksut\Downloads\Fun Data Testing\rsci_nlp_package_staging\nlp_draft_bias_research\outputs_llm_enhanced\headshot_cache\nba_cdn_latest_1040x760\chris_duarte__1630537.png,downloaded,200.0,image/png
Corey Kispert,corey kispert,historical,2021,2021,1,exact_full_name,1630557.0,Corey Kispert,True,https://cdn.nba.com/headshots/nba/latest/1040x760/1630557.png,C:\Users\jksut\Downloads\Fun Data Testing\rsci_nlp_package_staging\nlp_draft_bias_research\outputs_llm_enhanced\headshot_cache\nba_cdn_latest_1040x760\corey_kispert__1630557.png,downloaded,200.0,image/png
David Johnson,david johnson,historical,2021,2021,1,exact_full_name,77139.0,David Johnson,False,https://cdn.nba.com/headshots/nba/latest/1040x760/77139.png,C:\Users\jksut\Downloads\Fun Data Testing\rsci_nlp_package_staging\nlp_draft_bias_research\outputs_llm_enhanced\headshot_cache\nba_cdn_latest_1040x760\david_johnson__77139.png,downloaded,200.0,image/png
Davion Mitchell,davion mitchell,historical,2021,2021,1,exact_full_name,1630558.0,Davion Mitchell,True,https://cdn.nba.com/headshots/nba/latest/1040x760/1630558.png,C:\Users\jksut\Downloads\Fun Data Testing\rsci_nlp_package_staging\nlp_draft_bias_research\outputs_llm_enhanced\headshot_cache\nba_cdn_latest_1040x760\davion_mitchell__1630558.png,downloaded,200.0,image/png
Day'Ron Sharpe,day ron sharpe,historical,2021,2021,1,exact_full_name,1630549.0,Day'Ron Sharpe,True,https://cdn.nba.com/headshots/nba/latest/1040x760/1630549.png,C:\Users\jksut\Downloads\Fun Data Testing\rsci_nlp_package_staging\nlp_draft_bias_research\outputs_llm_enhanced\headshot_cache\nba_cdn_latest_1040x760\day_ron_sharpe__1630549.png,downloaded,200.0,image/png
Evan Mobley,evan mobley,historical,2021,2021,1,exact_full_name,1630596.0,Evan Mobley,True,https://cdn.nba.com/headshots/nba/latest/1040x760/1630596.png,C:\Users\jksut\Downloads\Fun Data Testing\rsci_nlp_package_staging\nlp_draft_bias_research\outputs_llm_enhanced\headshot_cache\nba_cdn_latest_1040x760\evan_mobley__1630596.png,downloaded,200.0,image/png
Filip Petrusev,filip petrusev,historical,2021,2021,1,exact_full_name,1630196.0,Filip Petrusev,False,https://cdn.nba.com/headshots/nba/latest/1040x760/1630196.png,C:\Users\jksut\Downloads\Fun Data Testing\rsci_nlp_package_staging\nlp_draft_bias_research\outputs_llm_enhanced\headshot_cache\nba_cdn_latest_1040x760\filip_petrusev__1630196.png,downloaded,200.0,image/png
Franz Wagner,franz wagner,historical,2021,2021,1,exact_full_name,1630532.0,Franz Wagner,True,https://cdn.nba.com/headshots/nba/latest/1040x760/1630532.png,C:\Users\jksut\Downloads\Fun Data Testing\rsci_nlp_package_staging\nlp_draft_bias_research\outputs_llm_enhanced\headshot_cache\nba_cdn_latest_1040x760\franz_wagner__1630532.png,downloaded,200.0,image/png
Greg Brown III,greg brown,historical,2021,2021,1,exact_full_name,1630535.0,Greg Brown III,False,https://cdn.nba.com/headshots/nba/latest/1040x760/1630535.png,C:\Users\jksut\Downloads\Fun Data Testing\rsci_nlp_package_staging\nlp_draft_bias_research\outputs_llm_enhanced\headshot_cache\nba_cdn_latest_1040x760\greg_brown_iii__1630535.png,downloaded,200.0,image/png
Herbert Jones,herbert jones,historical,2021,2021,1,exact_full_name,1630529.0,Herbert Jones,True,https://cdn.nba.com/headshots/nba/latest/1040x760/1630529.png,C:\Users\jksut\Downloads\Fun Data Testing\rsci_nlp_package_staging\nlp_draft_bias_research\outputs_llm_enhanced\headshot_cache\nba_cdn_latest_1040x760\herbert_jones__1630529.png,downloaded,200.0,image/png
Isaiah Jackson,isaiah jackson,historical,2021,2021,1,exact_full_name,1630543.0,Isaiah Jackson,True,https://cdn.nba.com/headshots/nba/latest/1040x760/1630543.png,C:\Users\jksut\Downloads\Fun Data Testing\rsci_nlp_package_staging\nlp_draft_bias_research\outputs_llm_enhanced\headshot_cache\nba_cdn_latest_1040x760\isaiah_jackson__1630543.png,downloaded,200.0,image/png
Isaiah Livers,isaiah livers,historical,2021,2021,1,exact_full_name,1630587.0,Isaiah Livers,True,https://cdn.nba.com/headshots/nba/latest/1040x760/1630587.png,C:\Users\jksut\Downloads\Fun Data Testing\rsci_nlp_package_staging\nlp_draft_bias_research\outputs_llm_enhanced\headshot_cache\nba_cdn_latest_1040x760\isaiah_livers__1630587.png,downloaded,200.0,image/png
Isaiah Todd,isaiah todd,historical,2021,2021,1,exact_full_name,1630225.0,Isaiah Todd,False,https://cdn.nba.com/headshots/nba/latest/1040x760/1630225.png,C:\Users\jksut\Downloads\Fun Data Testing\rsci_nlp_package_staging\nlp_draft_bias_research\outputs_llm_enhanced\headshot_cache\nba_cdn_latest_1040x760\isaiah_todd__1630225.png,downloaded,200.0,image/png
JT Thor,jt thor,historical,2021,2021,1,exact_full_name,1630550.0,JT Thor,False,https://cdn.nba.com/headshots/nba/latest/1040x760/1630550.png,C:\Users\jksut\Downloads\Fun Data Testing\rsci_nlp_package_staging\nlp_draft_bias_research\outputs_llm_enhanced\headshot_cache\nba_cdn_latest_1040x760\jt_thor__1630550.png,downloaded,200.0,image/png
Jaden Springer,jaden springer,historical,2021,2021,1,exact_full_name,1630531.0,Jaden Springer,False,https://cdn.nba.com/headshots/nba/latest/1040x760/1630531.png,C:\Users\jksut\Downloads\Fun Data Testing\rsci_nlp_package_staging\nlp_draft_bias_research\outputs_llm_enhanced\headshot_cache\nba_cdn_latest_1040x760\jaden_springer__1630531.png,downloaded,200.0,image/png
Jalen Green,jalen green,historical,2021,2021,1,exact_full_name,1630224.0,Jalen Green,True,https://cdn.nba.com/headshots/nba/latest/1040x760/1630224.png,C:\Users\jksut\Downloads\Fun Data Testing\rsci_nlp_package_staging\nlp_draft_bias_research\outputs_llm_enhanced\headshot_cache\nba_cdn_latest_1040x760\jalen_green__1630224.png,downloaded,200.0,image/png
Jalen Johnson,jalen johnson,historical,2021,2021,1,exact_full_name,1630552.0,Jalen Johnson,True,https://cdn.nba.com/headshots/nba/latest/1040x760/1630552.png,C:\Users\jksut\Downloads\Fun Data Testing\rsci_nlp_package_staging\nlp_draft_bias_research\outputs_llm_enhanced\headshot_cache\nba_cdn_latest_1040x760\jalen_johnson__1630552.png,downloaded,200.0,image/png
Jalen Suggs,jalen suggs,historical,2021,2021,1,exact_full_name,1630591.0,Jalen Suggs,True,https://cdn.nba.com/headshots/nba/latest/1040x760/1630591.png,C:\Users\jksut\Downloads\Fun Data Testing\rsci_nlp_package_staging\nlp_draft_bias_research\outputs_llm_enhanced\headshot_cache\nba_cdn_latest_1040x760\jalen_suggs__1630591.png,downloaded,200.0,image/png
James Bouknight,james bouknight,historical,2021,2021,1,exact_full_name,1630547.0,James Bouknight,False,https://cdn.nba.com/headshots/nba/latest/1040x760/1630547.png,C:\Users\jksut\Downloads\Fun Data Testing\rsci_nlp_package_staging\nlp_draft_bias_research\outputs_llm_enhanced\headshot_cache\nba_cdn_latest_1040x760\james_bouknight__1630547.png,downloaded,200.0,image/png
Jared Butler,jared butler,historical,2021,2021,1,exact_full_name,1630215.0,Jared Butler,False,https://cdn.nba.com/headshots/nba/latest/1040x760/1630215.png,C:\Users\jksut\Downloads\Fun Data Testing\rsci_nlp_package_staging\nlp_draft_bias_research\outputs_llm_enhanced\headshot_cache\nba_cdn_latest_1040x760\jared_butler__1630215.png,downloaded,200.0,image/png
Jason Preston,jason preston,historical,2021,2021,1,exact_full_name,1630554.0,Jason Preston,False,https://cdn.nba.com/headshots/nba/latest/1040x760/1630554.png,C:\Users\jksut\Downloads\Fun Data Testing\rsci_nlp_package_staging\nlp_draft_bias_research\outputs_llm_enhanced\headshot_cache\nba_cdn_latest_1040x760\jason_preston__1630554.png,downloaded,200.0,image/png
Jericho Sims,jericho sims,historical,2021,2021,1,exact_full_name,1630579.0,Jericho Sims,True,https://cdn.nba.com/headshots/nba/latest/1040x760/1630579.png,C:\Users\jksut\Downloads\Fun Data Testing\rsci_nlp_package_staging\nlp_draft_bias_research\outputs_llm_enhanced\headshot_cache\nba_cdn_latest_1040x760\jericho_sims__1630579.png,downloaded,200.0,image/png
Joe Wieskamp,joe wieskamp,historical,2021,2021,1,exact_full_name,1630580.0,Joe Wieskamp,False,https://cdn.nba.com/headshots/nba/latest/1040x760/1630580.png,C:\Users\jksut\Downloads\Fun Data Testing\rsci_nlp_package_staging\nlp_draft_bias_research\outputs_llm_enhanced\headshot_cache\nba_cdn_latest_1040x760\joe_wieskamp__1630580.png,downloaded,200.0,image/png
Jonathan Kuminga,jonathan kuminga,historical,2021,2021,1,exact_full_name,1630228.0,Jonathan Kuminga,True,https://cdn.nba.com/headshots/nba/latest/1040x760/1630228.png,C:\Users\jksut\Downloads\Fun Data Testing\rsci_nlp_package_staging\nlp_draft_bias_research\outputs_llm_enhanced\headshot_cache\nba_cdn_latest_1040x760\jonathan_kuminga__1630228.png,downloaded,200.0,image/png
Josh Christopher,josh christopher,historical,2021,2021,1,exact_full_name,1630528.0,Josh Christopher,False,https://cdn.nba.com/headshots/nba/latest/1040x760/1630528.png,C:\Users\jksut\Downloads\Fun Data Testing\rsci_nlp_package_staging\nlp_draft_bias_research\outputs_llm_enhanced\headshot_cache\nba_cdn_latest_1040x760\josh_christopher__1630528.png,downloaded,200.0,image/png
Josh Giddey,josh giddey,historical,2021,2021,1,exact_full_name,1630581.0,Josh Giddey,True,https://cdn.nba.com/headshots/nba/latest/1040x760/1630581.png,C:\Users\jksut\Downloads\Fun Data Testing\rsci_nlp_package_staging\nlp_draft_bias_research\outputs_llm_enhanced\headshot_cache\nba_cdn_latest_1040x760\josh_giddey__1630581.png,downloaded,200.0,image/png
Joshua Primo,joshua primo,historical,2021,2021,1,exact_full_name,1630563.0,Joshua Primo,False,https://cdn.nba.com/headshots/nba/latest/1040x760/1630563.png,C:\Users\jksut\Downloads\Fun Data Testing\rsci_nlp_package_staging\nlp_draft_bias_research\outputs_llm_enhanced\headshot_cache\nba_cdn_latest_1040x760\joshua_primo__1630563.png,downloaded,200.0,image/png
Juhann Begarin,juhann begarin,historical,2021,2021,1,unmatched,,,,,,unmatched,,
Kai Jones,kai jones,historical,2021,2021,1,exact_full_name,1630539.0,Kai Jones,False,https://cdn.nba.com/headshots/nba/latest/1040x760/1630539.png,C:\Users\jksut\Downloads\Fun Data Testing\rsci_nlp_package_staging\nlp_draft_bias_research\outputs_llm_enhanced\headshot_cache\nba_cdn_latest_1040x760\kai_jones__1630539.png,downloaded,200.0,image/png
Keon Johnson,keon johnson,historical,2021,2021,1,exact_full_name,1630553.0,Keon Johnson,False,https://cdn.nba.com/headshots/nba/latest/1040x760/1630553.png,C:\Users\jksut\Downloads\Fun Data Testing\rsci_nlp_package_staging\nlp_draft_bias_research\outputs_llm_enhanced\headshot_cache\nba_cdn_latest_1040x760\keon_johnson__1630553.png,downloaded,200.0,image/png
Kessler Edwards,kessler edwards,historical,2021,2021,1,exact_full_name,1630556.0,Kessler Edwards,False,https://cdn.nba.com/headshots/nba/latest/1040x760/1630556.png,C:\Users\jksut\Downloads\Fun Data Testing\rsci_nlp_package_staging\nlp_draft_bias_research\outputs_llm_enhanced\headshot_cache\nba_cdn_latest_1040x760\kessler_edwards__1630556.png,downloaded,200.0,image/png
Miles McBride,miles mcbride,historical,2021,2021,1,exact_full_name,1630540.0,Miles McBride,True,https://cdn.nba.com/headshots/nba/latest/1040x760/1630540.png,C:\Users\jksut\Downloads\Fun Data Testing\rsci_nlp_package_staging\nlp_draft_bias_research\outputs_llm_enhanced\headshot_cache\nba_cdn_latest_1040x760\miles_mcbride__1630540.png,downloaded,200.0,image/png
Moses Moody,moses moody,historical,2021,2021,2,exact_full_name,1630541.0,Moses Moody,True,https://cdn.nba.com/headshots/nba/latest/1040x760/1630541.png,C:\Users\jksut\Downloads\Fun Data Testing\rsci_nlp_package_staging\nlp_draft_bias_research\outputs_llm_enhanced\headshot_cache\nba_cdn_latest_1040x760\moses_moody__1630541.png,downloaded,200.0,image/png
Neemias Queta,neemias queta,historical,2021,2021,1,exact_full_name,1629674.0,Neemias Queta,True,https://cdn.nba.com/headshots/nba/latest/1040x760/1629674.png,C:\Users\jksut\Downloads\Fun Data Testing\rsci_nlp_package_staging\nlp_draft_bias_research\outputs_llm_enhanced\headshot_cache\nba_cdn_latest_1040x760\neemias_queta__1629674.png,downloaded,200.0,image/png
Quentin Grimes,quentin grimes,historical,2021,2021,1,exact_full_name,1629656.0,Quentin Grimes,True,https://cdn.nba.com/headshots/nba/latest/1040x760/1629656.png,C:\Users\jksut\Downloads\Fun Data Testing\rsci_nlp_package_staging\nlp_draft_bias_research\outputs_llm_enhanced\headshot_cache\nba_cdn_latest_1040x760\quentin_grimes__1629656.png,downloaded,200.0,image/png
Rokas Jokubaitis,rokas jokubaitis,historical,2021,2021,1,unmatched,,,,,,unmatched,,
Scottie Barnes,scottie barnes,historical,2021,2021,1,exact_full_name,1630567.0,Scottie Barnes,True,https://cdn.nba.com/headshots/nba/latest/1040x760/1630567.png,C:\Users\jksut\Downloads\Fun Data Testing\rsci_nlp_package_staging\nlp_draft_bias_research\outputs_llm_enhanced\headshot_cache\nba_cdn_latest_1040x760\scottie_barnes__1630567.png,downloaded,200.0,image/png
Sharife Cooper,sharife cooper,historical,2021,2021,1,exact_full_name,1630536.0,Sharife Cooper,True,https://cdn.nba.com/headshots/nba/latest/1040x760/1630536.png,C:\Users\jksut\Downloads\Fun Data Testing\rsci_nlp_package_staging\nlp_draft_bias_research\outputs_llm_enhanced\headshot_cache\nba_cdn_latest_1040x760\sharife_cooper__1630536.png,downloaded,200.0,image/png
Tre Mann,tre mann,historical,2021,2021,1,exact_full_name,1630544.0,Tre Mann,True,https://cdn.nba.com/headshots/nba/latest/1040x760/1630544.png,C:\Users\jksut\Downloads\Fun Data Testing\rsci_nlp_package_staging\nlp_draft_bias_research\outputs_llm_enhanced\headshot_cache\nba_cdn_latest_1040x760\tre_mann__1630544.png,downloaded,200.0,image/png
Trey Murphy III,trey murphy,historical,2021,2021,1,exact_full_name,1630530.0,Trey Murphy III,True,https://cdn.nba.com/headshots/nba/latest/1040x760/1630530.png,C:\Users\jksut\Downloads\Fun Data Testing\rsci_nlp_package_staging\nlp_draft_bias_research\outputs_llm_enhanced\headshot_cache\nba_cdn_latest_1040x760\trey_murphy_iii__1630530.png,downloaded,200.0,image/png
Usman Garuba,usman garuba,historical,2021,2021,1,exact_full_name,1630586.0,Usman Garuba,False,https://cdn.nba.com/headshots/nba/latest/1040x760/1630586.png,C:\Users\jksut\Downloads\Fun Data Testing\rsci_nlp_package_staging\nlp_draft_bias_research\outputs_llm_enhanced\headshot_cache\nba_cdn_latest_1040x760\usman_garuba__1630586.png,downloaded,200.0,image/png
Ziaire Williams,ziaire williams,historical,2021,2021,1,exact_full_name,1630533.0,Ziaire Williams,True,https://cdn.nba.com/headshots/nba/latest/1040x760/1630533.png,C:\Users\jksut\Downloads\Fun Data Testing\rsci_nlp_package_staging\nlp_draft_bias_research\outputs_llm_enhanced\headshot_cache\nba_cdn_latest_1040x760\ziaire_williams__1630533.png,downloaded,200.0,image/png
AJ Griffin,aj griffin,historical,2022,2022,2,exact_full_name,1631100.0,AJ Griffin,False,https://cdn.nba.com/headshots/nba/latest/1040x760/1631100.png,C:\Users\jksut\Downloads\Fun Data Testing\rsci_nlp_package_staging\nlp_draft_bias_research\outputs_llm_enhanced\headshot_cache\nba_cdn_latest_1040x760\aj_griffin__1631100.png,downloaded,200.0,image/png
Andrew Nembhard,andrew nembhard,historical,2022,2022,1,exact_full_name,1629614.0,Andrew Nembhard,True,https://cdn.nba.com/headshots/nba/latest/1040x760/1629614.png,C:\Users\jksut\Downloads\Fun Data Testing\rsci_nlp_package_staging\nlp_draft_bias_research\outputs_llm_enhanced\headshot_cache\nba_cdn_latest_1040x760\andrew_nembhard__1629614.png,downloaded,200.0,image/png
Bennedict Mathurin,bennedict mathurin,historical,2022,2022,1,exact_full_name,1631097.0,Bennedict Mathurin,True,https://cdn.nba.com/headshots/nba/latest/1040x760/1631097.png,C:\Users\jksut\Downloads\Fun Data Testing\rsci_nlp_package_staging\nlp_draft_bias_research\outputs_llm_enhanced\headshot_cache\nba_cdn_latest_1040x760\bennedict_mathurin__1631097.png,downloaded,200.0,image/png
Blake Wesley,blake wesley,historical,2022,2022,2,exact_full_name,1631104.0,Blake Wesley,True,https://cdn.nba.com/headshots/nba/latest/1040x760/1631104.png,C:\Users\jksut\Downloads\Fun Data Testing\rsci_nlp_package_staging\nlp_draft_bias_research\outputs_llm_enhanced\headshot_cache\nba_cdn_latest_1040x760\blake_wesley__1631104.png,downloaded,200.0,image/png
Bryce McGowens,bryce mcgowens,historical,2022,2022,1,exact_full_name,1631121.0,Bryce McGowens,True,https://cdn.nba.com/headshots/nba/latest/1040x760/1631121.png,C:\Users\jksut\Downloads\Fun Data Testing\rsci_nlp_package_staging\nlp_draft_bias_research\outputs_llm_enhanced\headshot_cache\nba_cdn_latest_1040x760\bryce_mcgowens__1631121.png,downloaded,200.0,image/png
Caleb Houstan,caleb houstan,historical,2022,2022,1,exact_full_name,1631216.0,Caleb Houstan,True,https://cdn.nba.com/headshots/nba/latest/1040x760/1631216.png,C:\Users\jksut\Downloads\Fun Data Testing\rsci_nlp_package_staging\nlp_draft_bias_research\outputs_llm_enhanced\headshot_cache\nba_cdn_latest_1040x760\caleb_houstan__1631216.png,downloaded,200.0,image/png
Chet Holmgren,chet holmgren,historical,2022,2022,1,exact_full_name,1631096.0,Chet Holmgren,True,https://cdn.nba.com/headshots/nba/latest/1040x760/1631096.png,C:\Users\jksut\Downloads\Fun Data Testing\rsci_nlp_package_staging\nlp_draft_bias_research\outputs_llm_enhanced\headshot_cache\nba_cdn_latest_1040x760\chet_holmgren__1631096.png,downloaded,200.0,image/png
Christian Braun,christian braun,historical,2022,2022,2,exact_full_name,1631128.0,Christian Braun,True,https://cdn.nba.com/headshots/nba/latest/1040x760/1631128.png,C:\Users\jksut\Downloads\Fun Data Testing\rsci_nlp_package_staging\nlp_draft_bias_research\outputs_llm_enhanced\headshot_cache\nba_cdn_latest_1040x760\christian_braun__1631128.png,downloaded,200.0,image/png
Christian Koloko,christian koloko,historical,2022,2022,1,exact_full_name,1631132.0,Christian Koloko,True,https://cdn.nba.com/headshots/nba/latest/1040x760/1631132.png,C:\Users\jksut\Downloads\Fun Data Testing\rsci_nlp_package_staging\nlp_draft_bias_research\outputs_llm_enhanced\headshot_cache\nba_cdn_latest_1040x760\christian_koloko__1631132.png,downloaded,200.0,image/png
Dalen Terry,dalen terry,historical,2022,2022,1,exact_full_name,1631207.0,Dalen Terry,True,https://cdn.nba.com/headshots/nba/latest/1040x760/1631207.png,C:\Users\jksut\Downloads\Fun Data Testing\rsci_nlp_package_staging\nlp_draft_bias_research\outputs_llm_enhanced\headshot_cache\nba_cdn_latest_1040x760\dalen_terry__1631207.png,downloaded,200.0,image/png
Dyson Daniels,dyson daniels,historical,2022,2022,1,exact_full_name,1630700.0,Dyson Daniels,True,https://cdn.nba.com/headshots/nba/latest/1040x760/1630700.png,C:\Users\jksut\Downloads\Fun Data Testing\rsci_nlp_package_staging\nlp_draft_bias_research\outputs_llm_enhanced\headshot_cache\nba_cdn_latest_1040x760\dyson_daniels__1630700.png,downloaded,200.0,image/png
Gabriele Procida,gabriele procida,historical,2022,2022,1,unmatched,,,,,,unmatched,,
Isaiah Mobley,isaiah mobley,historical,2022,2022,1,exact_full_name,1630600.0,Isaiah Mobley,False,https://cdn.nba.com/headshots/nba/latest/1040x760/1630600.png,C:\Users\jksut\Downloads\Fun Data Testing\rsci_nlp_package_staging\nlp_draft_bias_research\outputs_llm_enhanced\headshot_cache\nba_cdn_latest_1040x760\isaiah_mobley__1630600.png,downloaded,200.0,image/png
Ismael Kamagate,ismael kamagate,historical,2022,2022,1,unmatched,,,,,,unmatched,,
JD Davison,jd davison,historical,2022,2022,1,exact_full_name,1631120.0,JD Davison,True,https://cdn.nba.com/headshots/nba/latest/1040x760/1631120.png,C:\Users\jksut\Downloads\Fun Data Testing\rsci_nlp_package_staging\nlp_draft_bias_research\outputs_llm_enhanced\headshot_cache\nba_cdn_latest_1040x760\jd_davison__1631120.png,downloaded,200.0,image/png
Jabari Smith Jr.,jabari smith,historical,2022,2022,1,exact_full_name,1631095.0,Jabari Smith Jr.,True,https://cdn.nba.com/headshots/nba/latest/1040x760/1631095.png,C:\Users\jksut\Downloads\Fun Data Testing\rsci_nlp_package_staging\nlp_draft_bias_research\outputs_llm_enhanced\headshot_cache\nba_cdn_latest_1040x760\jabari_smith_jr__1631095.png,downloaded,200.0,image/png
Jabari Walker,jabari walker,historical,2022,2022,1,exact_full_name,1631133.0,Jabari Walker,True,https://cdn.nba.com/headshots/nba/latest/1040x760/1631133.png,C:\Users\jksut\Downloads\Fun Data Testing\rsci_nlp_package_staging\nlp_draft_bias_research\outputs_llm_enhanced\headshot_cache\nba_cdn_latest_1040x760\jabari_walker__1631133.png,downloaded,200.0,image/png
Jaden Hardy,jaden hardy,historical,2022,2022,1,exact_full_name,1630702.0,Jaden Hardy,True,https://cdn.nba.com/headshots/nba/latest/1040x760/1630702.png,C:\Users\jksut\Downloads\Fun Data Testing\rsci_nlp_package_staging\nlp_draft_bias_research\outputs_llm_enhanced\headshot_cache\nba_cdn_latest_1040x760\jaden_hardy__1630702.png,downloaded,200.0,image/png
Jaden Ivey,jaden ivey,historical,2022,2022,1,exact_full_name,1631093.0,Jaden Ivey,True,https://cdn.nba.com/headshots/nba/latest/1040x760/1631093.png,C:\Users\jksut\Downloads\Fun Data Testing\rsci_nlp_package_staging\nlp_draft_bias_research\outputs_llm_enhanced\headshot_cache\nba_cdn_latest_1040x760\jaden_ivey__1631093.png,downloaded,200.0,image/png
Jake LaRavia,jake laravia,historical,2022,2022,2,exact_full_name,1631222.0,Jake LaRavia,True,https://cdn.nba.com/headshots/nba/latest/1040x760/1631222.png,C:\Users\jksut\Downloads\Fun Data Testing\rsci_nlp_package_staging\nlp_draft_bias_research\outputs_llm_enhanced\headshot_cache\nba_cdn_latest_1040x760\jake_laravia__1631222.png,downloaded,200.0,image/png
Jalen Duren,jalen duren,historical,2022,2022,1,exact_full_name,1631105.0,Jalen Duren,True,https://cdn.nba.com/headshots/nba/latest/1040x760/1631105.png,C:\Users\jksut\Downloads\Fun Data Testing\rsci_nlp_package_staging\nlp_draft_bias_research\outputs_llm_enhanced\headshot_cache\nba_cdn_latest_1040x760\jalen_duren__1631105.png,downloaded,200.0,image/png
Jalen Williams,jalen williams,historical,2022,2022,1,exact_full_name,1631114.0,Jalen Williams,True,https://cdn.nba.com/headshots/nba/latest/1040x760/1631114.png,C:\Users\jksut\Downloads\Fun Data Testing\rsci_nlp_package_staging\nlp_draft_bias_research\outputs_llm_enhanced\headshot_cache\nba_cdn_latest_1040x760\jalen_williams__1631114.png,downloaded,200.0,image/png
Jaylin Williams,jaylin williams,historical,2022,2022,1,exact_full_name,1631119.0,Jaylin Williams,True,https://cdn.nba.com/headshots/nba/latest/1040x760/1631119.png,C:\Users\jksut\Downloads\Fun Data Testing\rsci_nlp_package_staging\nlp_draft_bias_research\outputs_llm_enhanced\headshot_cache\nba_cdn_latest_1040x760\jaylin_williams__1631119.png,downloaded,200.0,image/png
Jeremy Sochan,jeremy sochan,historical,2022,2022,1,exact_full_name,1631110.0,Jeremy Sochan,True,https://cdn.nba.com/headshots/nba/latest/1040x760/1631110.png,C:\Users\jksut\Downloads\Fun Data Testing\rsci_nlp_package_staging\nlp_draft_bias_research\outputs_llm_enhanced\headshot_cache\nba_cdn_latest_1040x760\jeremy_sochan__1631110.png,downloaded,200.0,image/png
Johnny Davis,johnny davis,historical,2022,2022,1,exact_full_name,76526.0,Johnny Davis,False,https://cdn.nba.com/headshots/nba/latest/1040x760/76526.png,C:\Users\jksut\Downloads\Fun Data Testing\rsci_nlp_package_staging\nlp_draft_bias_research\outputs_llm_enhanced\headshot_cache\nba_cdn_latest_1040x760\johnny_davis__76526.png,downloaded,200.0,image/png
Josh Minott,josh minott,historical,2022,2022,1,exact_full_name,1631169.0,Josh Minott,True,https://cdn.nba.com/headshots/nba/latest/1040x760/1631169.png,C:\Users\jksut\Downloads\Fun Data Testing\rsci_nlp_package_staging\nlp_draft_bias_research\outputs_llm_enhanced\headshot_cache\nba_cdn_latest_1040x760\josh_minott__1631169.png,downloaded,200.0,image/png
Karlo Matković,karlo matkovic,historical,2022,2022,1,exact_full_name,1631255.0,Karlo Matković,True,https://cdn.nba.com/headshots/nba/latest/1040x760/1631255.png,C:\Users\jksut\Downloads\Fun Data Testing\rsci_nlp_package_staging\nlp_draft_bias_research\outputs_llm_enhanced\headshot_cache\nba_cdn_latest_1040x760\karlo_matkovic__1631255.png,downloaded,200.0,image/png
Keegan Murray,keegan murray,historical,2022,2022,1,exact_full_name,1631099.0,Keegan Murray,True,https://cdn.nba.com/headshots/nba/latest/1040x760/1631099.png,C:\Users\jksut\Downloads\Fun Data Testing\rsci_nlp_package_staging\nlp_draft_bias_research\outputs_llm_enhanced\headshot_cache\nba_cdn_latest_1040x760\keegan_murray__1631099.png,downloaded,200.0,image/png
Kendall Brown,kendall brown,historical,2022,2022,1,exact_full_name,1631112.0,Kendall Brown,False,https://cdn.nba.com/headshots/nba/latest/1040x760/1631112.png,C:\Users\jksut\Downloads\Fun Data Testing\rsci_nlp_package_staging\nlp_draft_bias_research\outputs_llm_enhanced\headshot_cache\nba_cdn_latest_1040x760\kendall_brown__1631112.png,downloaded,200.0,image/png
Kennedy Chandler,kennedy chandler,historical,2022,2022,2,exact_full_name,1631113.0,Kennedy Chandler,False,https://cdn.nba.com/headshots/nba/latest/1040x760/1631113.png,C:\Users\jksut\Downloads\Fun Data Testing\rsci_nlp_package_staging\nlp_draft_bias_research\outputs_llm_enhanced\headshot_cache\nba_cdn_latest_1040x760\kennedy_chandler__1631113.png,downloaded,200.0,image/png
Malaki Branham,malaki branham,historical,2022,2022,1,exact_full_name,1631103.0,Malaki Branham,True,https://cdn.nba.com/headshots/nba/latest/1040x760/1631103.png,C:\Users\jksut\Downloads\Fun Data Testing\rsci_nlp_package_staging\nlp_draft_bias_research\outputs_llm_enhanced\headshot_cache\nba_cdn_latest_1040x760\malaki_branham__1631103.png,downloaded,200.0,image/png
MarJon Beauchamp,marjon beauchamp,historical,2022,2022,1,exact_full_name,1630699.0,MarJon Beauchamp,False,https://cdn.nba.com/headshots/nba/latest/1040x760/1630699.png,C:\Users\jksut\Downloads\Fun Data Testing\rsci_nlp_package_staging\nlp_draft_bias_research\outputs_llm_enhanced\headshot_cache\nba_cdn_latest_1040x760\marjon_beauchamp__1630699.png,downloaded,200.0,image/png
Mark Williams,mark williams,historical,2022,2022,2,exact_full_name,1631109.0,Mark Williams,True,https://cdn.nba.com/headshots/nba/latest/1040x760/1631109.png,C:\Users\jksut\Downloads\Fun Data Testing\rsci_nlp_package_staging\nlp_draft_bias_research\outputs_llm_enhanced\headshot_cache\nba_cdn_latest_1040x760\mark_williams__1631109.png,downloaded,200.0,image/png
Max Christie,max christie,historical,2022,2022,1,exact_full_name,1631108.0,Max Christie,True,https://cdn.nba.com/headshots/nba/latest/1040x760/1631108.png,C:\Users\jksut\Downloads\Fun Data Testing\rsci_nlp_package_staging\nlp_draft_bias_research\outputs_llm_enhanced\headshot_cache\nba_cdn_latest_1040x760\max_christie__1631108.png,downloaded,200.0,image/png
Nikola Jović,nikola jovic,historical,2022,2022,1,exact_full_name,1631107.0,Nikola Jović,True,https://cdn.nba.com/headshots/nba/latest/1040x760/1631107.png,C:\Users\jksut\Downloads\Fun Data Testing\rsci_nlp_package_staging\nlp_draft_bias_research\outputs_llm_enhanced\headshot_cache\nba_cdn_latest_1040x760\nikola_jovic__1631107.png,downloaded,200.0,image/png
Ochai Agbaji,ochai agbaji,historical,2022,2022,1,exact_full_name,1630534.0,Ochai Agbaji,True,https://cdn.nba.com/headshots/nba/latest/1040x760/1630534.png,C:\Users\jksut\Downloads\Fun Data Testing\rsci_nlp_package_staging\nlp_draft_bias_research\outputs_llm_enhanced\headshot_cache\nba_cdn_latest_1040x760\ochai_agbaji__1630534.png,downloaded,200.0,image/png
Ousmane Dieng,ousmane dieng,historical,2022,2022,1,exact_full_name,1631172.0,Ousmane Dieng,True,https://cdn.nba.com/headshots/nba/latest/1040x760/1631172.png,C:\Users\jksut\Downloads\Fun Data Testing\rsci_nlp_package_staging\nlp_draft_bias_research\outputs_llm_enhanced\headshot_cache\nba_cdn_latest_1040x760\ousmane_dieng__1631172.png,downloaded,200.0,image/png
Paolo Banchero,paolo banchero,historical,2022,2022,1,exact_full_name,1631094.0,Paolo Banchero,True,https://cdn.nba.com/headshots/nba/latest/1040x760/1631094.png,C:\Users\jksut\Downloads\Fun Data Testing\rsci_nlp_package_staging\nlp_draft_bias_research\outputs_llm_enhanced\headshot_cache\nba_cdn_latest_1040x760\paolo_banchero__1631094.png,downloaded,200.0,image/png
Patrick Baldwin Jr.,patrick baldwin,historical,2022,2022,1,exact_full_name,1631116.0,Patrick Baldwin Jr.,False,https://cdn.nba.com/headshots/nba/latest/1040x760/1631116.png,C:\Users\jksut\Downloads\Fun Data Testing\rsci_nlp_package_staging\nlp_draft_bias_research\outputs_llm_enhanced\headshot_cache\nba_cdn_latest_1040x760\patrick_baldwin_jr__1631116.png,downloaded,200.0,image/png
Peyton Watson,peyton watson,historical,2022,2022,1,exact_full_name,1631212.0,Peyton Watson,True,https://cdn.nba.com/headshots/nba/latest/1040x760/1631212.png,C:\Users\jksut\Downloads\Fun Data Testing\rsci_nlp_package_staging\nlp_draft_bias_research\outputs_llm_enhanced\headshot_cache\nba_cdn_latest_1040x760\peyton_watson__1631212.png,downloaded,200.0,image/png
Ryan Rollins,ryan rollins,historical,2022,2022,1,exact_full_name,1631157.0,Ryan Rollins,True,https://cdn.nba.com/headshots/nba/latest/1040x760/1631157.png,C:\Users\jksut\Downloads\Fun Data Testing\rsci_nlp_package_staging\nlp_draft_bias_research\outputs_llm_enhanced\headshot_cache\nba_cdn_latest_1040x760\ryan_rollins__1631157.png,downloaded,200.0,image/png
Shaedon Sharpe,shaedon sharpe,historical,2022,2022,1,exact_full_name,1631101.0,Shaedon Sharpe,True,https://cdn.nba.com/headshots/nba/latest/1040x760/1631101.png,C:\Users\jksut\Downloads\Fun Data Testing\rsci_nlp_package_staging\nlp_draft_bias_research\outputs_llm_enhanced\headshot_cache\nba_cdn_latest_1040x760\shaedon_sharpe__1631101.png,downloaded,200.0,image/png
Tari Eason,tari eason,historical,2022,2022,2,exact_full_name,1631106.0,Tari Eason,True,https://cdn.nba.com/headshots/nba/latest/1040x760/1631106.png,C:\Users\jksut\Downloads\Fun Data Testing\rsci_nlp_package_staging\nlp_draft_bias_research\outputs_llm_enhanced\headshot_cache\nba_cdn_latest_1040x760\tari_eason__1631106.png,downloaded,200.0,image/png
Trevor Keels,trevor keels,historical,2022,2022,1,exact_full_name,1631211.0,Trevor Keels,False,https://cdn.nba.com/headshots/nba/latest/1040x760/1631211.png,C:\Users\jksut\Downloads\Fun Data Testing\rsci_nlp_package_staging\nlp_draft_bias_research\outputs_llm_enhanced\headshot_cache\nba_cdn_latest_1040x760\trevor_keels__1631211.png,downloaded,200.0,image/png
TyTy Washington Jr.,tyty washington,historical,2022,2022,1,exact_full_name,1631102.0,TyTy Washington Jr.,False,https://cdn.nba.com/headshots/nba/latest/1040x760/1631102.png,C:\Users\jksut\Downloads\Fun Data Testing\rsci_nlp_package_staging\nlp_draft_bias_research\outputs_llm_enhanced\headshot_cache\nba_cdn_latest_1040x760\tyty_washington_jr__1631102.png,downloaded,200.0,image/png
Walker Kessler,walker kessler,historical,2022,2022,1,exact_full_name,1631117.0,Walker Kessler,True,https://cdn.nba.com/headshots/nba/latest/1040x760/1631117.png,C:\Users\jksut\Downloads\Fun Data Testing\rsci_nlp_package_staging\nlp_draft_bias_research\outputs_llm_enhanced\headshot_cache\nba_cdn_latest_1040x760\walker_kessler__1631117.png,downloaded,200.0,image/png
Wendell Moore Jr.,wendell moore,historical,2022,2022,1,exact_full_name,1631111.0,Wendell Moore Jr.,True,https://cdn.nba.com/headshots/nba/latest/1040x760/1631111.png,C:\Users\jksut\Downloads\Fun Data Testing\rsci_nlp_package_staging\nlp_draft_bias_research\outputs_llm_enhanced\headshot_cache\nba_cdn_latest_1040x760\wendell_moore_jr__1631111.png,downloaded,200.0,image/png
A.J. Dybantsa,a j dybantsa,prospective_2026,2026,2026,1,unmatched,,,,,,unmatched,,
AJ Dybantsa,aj dybantsa,prospective_2026,2026,2026,3,unmatched,,,,,,unmatched,,
Aday Mara,aday mara,prospective_2026,2026,2026,4,unmatched,,,,,,unmatched,,
Alex Karaban,alex karaban,prospective_2026,2026,2026,2,unmatched,,,,,,unmatched,,
Allen Graves,allen graves,prospective_2026,2026,2026,4,unmatched,,,,,,unmatched,,
Amari Allen,amari allen,prospective_2026,2026,2026,1,unmatched,,,,,,unmatched,,
Andrej Stojakovic,andrej stojakovic,prospective_2026,2026,2026,1,unmatched,,,,,,unmatched,,
Baba Miller,baba miller,prospective_2026,2026,2026,2,unmatched,,,,,,unmatched,,
Bennett Stirtz,bennett stirtz,prospective_2026,2026,2026,4,unmatched,,,,,,unmatched,,
Billy Richmond III,billy richmond,prospective_2026,2026,2026,1,unmatched,,,,,,unmatched,,
Braden Smith,braden smith,prospective_2026,2026,2026,2,unmatched,,,,,,unmatched,,
Brayden Burries,brayden burries,prospective_2026,2026,2026,4,unmatched,,,,,,unmatched,,
Bruce Thornton,bruce thornton,prospective_2026,2026,2026,1,unmatched,,,,,,unmatched,,
Caleb Wilson,caleb wilson,prospective_2026,2026,2026,4,unmatched,,,,,,unmatched,,
Cam Carr,cam carr,prospective_2026,2026,2026,1,unmatched,,,,,,unmatched,,
Cameron Boozer,cameron boozer,prospective_2026,2026,2026,4,unmatched,,,,,,unmatched,,
Cameron Carr,cameron carr,prospective_2026,2026,2026,3,unmatched,,,,,,unmatched,,
Chris Cenac,chris cenac,prospective_2026,2026,2026,4,unmatched,,,,,,unmatched,,
Christian Anderson,christian anderson,prospective_2026,2026,2026,4,unmatched,,,,,,unmatched,,
Dailyn Swain,dailyn swain,prospective_2026,2026,2026,4,unmatched,,,,,,unmatched,,
Darius Acuff,darius acuff,prospective_2026,2026,2026,4,unmatched,,,,,,unmatched,,
Darryn Peterson,darryn peterson,prospective_2026,2026,2026,4,unmatched,,,,,,unmatched,,
Dillon Mitchell,dillon mitchell,prospective_2026,2026,2026,1,unmatched,,,,,,unmatched,,
Ebuka Okorie,ebuka okorie,prospective_2026,2026,2026,4,unmatched,,,,,,unmatched,,
Emanuel Sharp,emanuel sharp,prospective_2026,2026,2026,2,unmatched,,,,,,unmatched,,
Felix Okpara,felix okpara,prospective_2026,2026,2026,2,unmatched,,,,,,unmatched,,
Flory Bidunga,flory bidunga,prospective_2026,2026,2026,1,unmatched,,,,,,unmatched,,
Francesco Ferrari,francesco ferrari,prospective_2026,2026,2026,1,unmatched,,,,,,unmatched,,
Hannes Steinbach,hannes steinbach,prospective_2026,2026,2026,4,unmatched,,,,,,unmatched,,
Henri Veesaar,henri veesaar,prospective_2026,2026,2026,3,unmatched,,,,,,unmatched,,
Isaiah Evans,isaiah evans,prospective_2026,2026,2026,4,unmatched,,,,,,unmatched,,
Izaiyah Nelson,izaiyah nelson,prospective_2026,2026,2026,2,unmatched,,,,,,unmatched,,
Ja'Kobi Gillespie,ja kobi gillespie,prospective_2026,2026,2026,1,unmatched,,,,,,unmatched,,
Jack Kayil,jack kayil,prospective_2026,2026,2026,2,unmatched,,,,,,unmatched,,
Jaden Bradley,jaden bradley,prospective_2026,2026,2026,2,unmatched,,,,,,unmatched,,
Jakobi Gillespie,jakobi gillespie,prospective_2026,2026,2026,1,unmatched,,,,,,unmatched,,
Jaron Pierre,jaron pierre,prospective_2026,2026,2026,1,unmatched,,,,,,unmatched,,
Jayden Quaintance,jayden quaintance,prospective_2026,2026,2026,4,unmatched,,,,,,unmatched,,
Jeremy Fears Jr.,jeremy fears,prospective_2026,2026,2026,1,unmatched,,,,,,unmatched,,
Joshua Jefferson,joshua jefferson,prospective_2026,2026,2026,4,unmatched,,,,,,unmatched,,
Karim Lopez,karim lopez,prospective_2026,2026,2026,4,unmatched,,,,,,unmatched,,
Keaton Wagler,keaton wagler,prospective_2026,2026,2026,4,unmatched,,,,,,unmatched,,
Keyshawn Hall,keyshawn hall,prospective_2026,2026,2026,1,unmatched,,,,,,unmatched,,
Kingston Flemings,kingston flemings,prospective_2026,2026,2026,4,unmatched,,,,,,unmatched,,
Koa Peat,koa peat,prospective_2026,2026,2026,4,unmatched,,,,,,unmatched,,
Kylan Boswell,kylan boswell,prospective_2026,2026,2026,1,unmatched,,,,,,unmatched,,
Labaron Philon,labaron philon,prospective_2026,2026,2026,4,unmatched,,,,,,unmatched,,
Luigi Suigo,luigi suigo,prospective_2026,2026,2026,2,unmatched,,,,,,unmatched,,
Malachi Moreno,malachi moreno,prospective_2026,2026,2026,1,unmatched,,,,,,unmatched,,
Mark Mitchell,mark mitchell,prospective_2026,2026,2026,1,unmatched,,,,,,unmatched,,
Matt Able,matt able,prospective_2026,2026,2026,1,unmatched,,,,,,unmatched,,
Meleek Thomas,meleek thomas,prospective_2026,2026,2026,4,unmatched,,,,,,unmatched,,
Mikel Brown,mikel brown,prospective_2026,2026,2026,4,unmatched,,,,,,unmatched,,
Milan Momcilovic,milan momcilovic,prospective_2026,2026,2026,1,unmatched,,,,,,unmatched,,
Milos Uzan,milos uzan,prospective_2026,2026,2026,1,unmatched,,,,,,unmatched,,
Morez Johnson,morez johnson,prospective_2026,2026,2026,4,unmatched,,,,,,unmatched,,
Nate Ament,nate ament,prospective_2026,2026,2026,4,unmatched,,,,,,unmatched,,
Nick Martinelli,nick martinelli,prospective_2026,2026,2026,2,unmatched,,,,,,unmatched,,
Otega Oweh,otega oweh,prospective_2026,2026,2026,1,unmatched,,,,,,unmatched,,
Pavle Backo,pavle backo,prospective_2026,2026,2026,1,unmatched,,,,,,unmatched,,
Rafael Castro,rafael castro,prospective_2026,2026,2026,1,unmatched,,,,,,unmatched,,
Richie Saunders,richie saunders,prospective_2026,2026,2026,2,unmatched,,,,,,unmatched,,
Rueben Chinyelu,rueben chinyelu,prospective_2026,2026,2026,1,unmatched,,,,,,unmatched,,
Ryan Conwell,ryan conwell,prospective_2026,2026,2026,2,unmatched,,,,,,unmatched,,
Sergio De Larrea,sergio de larrea,prospective_2026,2026,2026,3,unmatched,,,,,,unmatched,,
Tarris Reed,tarris reed,prospective_2026,2026,2026,3,unmatched,,,,,,unmatched,,
Tobe Awaka,tobe awaka,prospective_2026,2026,2026,1,unmatched,,,,,,unmatched,,
Tobi Lawal,tobi lawal,prospective_2026,2026,2026,1,unmatched,,,,,,unmatched,,
Tounde Yessoufou,tounde yessoufou,prospective_2026,2026,2026,1,unmatched,,,,,,unmatched,,
Tre White,tre white,prospective_2026,2026,2026,1,unmatched,,,,,,unmatched,,
Trevon Brazile,trevon brazile,prospective_2026,2026,2026,2,unmatched,,,,,,unmatched,,
Trey Kaufman-Renn,trey kaufman renn,prospective_2026,2026,2026,1,unmatched,,,,,,unmatched,,
Tyler Tanner,tyler tanner,prospective_2026,2026,2026,1,unmatched,,,,,,unmatched,,
Ugonna Onyenso,ugonna onyenso,prospective_2026,2026,2026,2,unmatched,,,,,,unmatched,,
Yaxel Lendeborg,yaxel lendeborg,prospective_2026,2026,2026,4,unmatched,,,,,,unmatched,,
Zuby Ejiofor,zuby ejiofor,prospective_2026,2026,2026,3,unmatched,,,,,,unmatched,,
